==============================
Job ID: 17706456
Node: node065
Start: Tue Oct  6 10:35:28 CEST 2026
PWD: /proj/multipress/users/x_sebja/code_repository/scripts
==============================
==========================================================================================
Device: cuda
Velocity run: seed_001
Derived terms: /proj/multipress/users/x_sebja/code_repository/outputs/cfd_9mm/momentum_terms/seed_001
Pressure results: /proj/multipress/users/x_sebja/code_repository/outputs/cfd_9mm/pressure/seed_001_20261006_103531
Train/val: 68292 7588
Drop endpoints P1/P2: [0.09211013 0.14506413 0.0799977 ] [0.13456303 0.14254102 0.02672843]
Model samples: 28
Nearest centerline distance [mm], median/max: 1.4379663152782218 1.9997036899896972
Pressure scale [mmHg]: 8.393213423140967
==========================================================================================

==========================================================================================
Epoch: 0
Elapsed: 0.70 s
Gradient score: 9.992029e-01
Tangential/vector/balanced: 9.9916e-01 9.9932e-01 1.5921e+00
Drop stability: inf (0/3)
Drop RMS/peak-to-peak [mmHg]: 0.1023 0.0475
Rel MSE acc/adv/vis: 1.0009e+00 1.0003e+00 2.7751e+00
Best epoch: -1
No improvement: 0/15
Early-stop ready: False
==========================================================================================

==========================================================================================
Epoch: 500
Elapsed: 8.40 s
Gradient score: 4.667950e-01
Tangential/vector/balanced: 4.1627e-01 6.1836e-01 9.2260e-01
Drop stability: 2.7497e+01 (0/3)
Drop RMS/peak-to-peak [mmHg]: 2.7439 6.2998
Rel MSE acc/adv/vis: 9.4139e-01 6.1659e-01 1.2098e+00
Best epoch: -1
No improvement: 0/15
Early-stop ready: False
==========================================================================================

==========================================================================================
Epoch: 1000
Elapsed: 8.47 s
Gradient score: 3.564017e-01
Tangential/vector/balanced: 3.0172e-01 5.2046e-01 7.8186e-01
Drop stability: 7.7064e-01 (0/3)
Drop RMS/peak-to-peak [mmHg]: 3.6122 11.5379
Rel MSE acc/adv/vis: 8.3098e-01 5.1721e-01 9.9739e-01
Best epoch: -1
No improvement: 0/15
Early-stop ready: False
==========================================================================================

==========================================================================================
Epoch: 1500
Elapsed: 8.45 s
Gradient score: 3.320812e-01
Tangential/vector/balanced: 2.7722e-01 4.9666e-01 7.5390e-01
Drop stability: 1.7556e-01 (0/3)
Drop RMS/peak-to-peak [mmHg]: 3.9249 12.3438
Rel MSE acc/adv/vis: 7.8955e-01 4.9610e-01 9.7605e-01
Best epoch: -1
No improvement: 0/15
Early-stop ready: False
==========================================================================================

==========================================================================================
Epoch: 2000
Elapsed: 8.46 s
Gradient score: 3.149264e-01
Tangential/vector/balanced: 2.6215e-01 4.7326e-01 7.3314e-01
Drop stability: 1.8232e-01 (0/3)
Drop RMS/peak-to-peak [mmHg]: 3.8288 11.2700
Rel MSE acc/adv/vis: 7.3527e-01 4.8240e-01 9.8175e-01
Best epoch: -1
No improvement: 0/15
Early-stop ready: False
==========================================================================================

==========================================================================================
Epoch: 2500
Elapsed: 8.47 s
Gradient score: 3.028362e-01
Tangential/vector/balanced: 2.5090e-01 4.5864e-01 7.1496e-01
Drop stability: 1.4959e-01 (0/3)
Drop RMS/peak-to-peak [mmHg]: 4.0958 12.3719
Rel MSE acc/adv/vis: 6.8749e-01 4.7496e-01 9.8242e-01
Best epoch: -1
No improvement: 0/15
Early-stop ready: False
==========================================================================================

==========================================================================================
Epoch: 3000
Elapsed: 8.55 s
Gradient score: 2.923120e-01
Tangential/vector/balanced: 2.4163e-01 4.4436e-01 7.0131e-01
Drop stability: 7.2379e-02 (0/3)
Drop RMS/peak-to-peak [mmHg]: 3.9105 12.3815
Rel MSE acc/adv/vis: 6.5813e-01 4.6197e-01 9.8384e-01
Best epoch: -1
No improvement: 0/15
Early-stop ready: False
==========================================================================================

==========================================================================================
Epoch: 3500
Elapsed: 8.47 s
Gradient score: 2.820088e-01
Tangential/vector/balanced: 2.3176e-01 4.3275e-01 6.9132e-01
Drop stability: 4.5634e-02 (0/3)
Drop RMS/peak-to-peak [mmHg]: 3.8901 11.9749
Rel MSE acc/adv/vis: 6.4045e-01 4.4735e-01 9.8615e-01
Best epoch: -1
No improvement: 0/15
Early-stop ready: False
==========================================================================================

==========================================================================================
Epoch: 4000
Elapsed: 8.42 s
Gradient score: 2.781111e-01
Tangential/vector/balanced: 2.2923e-01 4.2476e-01 6.8458e-01
Drop stability: 4.9364e-02 (0/3)
Drop RMS/peak-to-peak [mmHg]: 3.9333 11.7444
Rel MSE acc/adv/vis: 6.2130e-01 4.3215e-01 1.0003e+00
Best epoch: -1
No improvement: 0/15
Early-stop ready: False
==========================================================================================

==========================================================================================
Epoch: 4500
Elapsed: 8.80 s
Gradient score: 2.723717e-01
Tangential/vector/balanced: 2.2565e-01 4.1254e-01 6.7073e-01
Drop stability: 4.1487e-02 (0/3)
Drop RMS/peak-to-peak [mmHg]: 3.9387 11.7904
Rel MSE acc/adv/vis: 6.0831e-01 4.1407e-01 9.8981e-01
Best epoch: -1
No improvement: 0/15
Early-stop ready: False
==========================================================================================

==========================================================================================
Epoch: 5000
Elapsed: 8.85 s
Gradient score: 2.600265e-01
Tangential/vector/balanced: 2.1731e-01 3.8819e-01 6.4330e-01
Drop stability: 5.9338e-02 (0/3)
Drop RMS/peak-to-peak [mmHg]: 3.8036 11.3188
Rel MSE acc/adv/vis: 5.6745e-01 3.8496e-01 9.7750e-01
Best epoch: 5000
No improvement: 0/15
Early-stop ready: False
==========================================================================================

==========================================================================================
Epoch: 5500
Elapsed: 8.86 s
Gradient score: 2.425635e-01
Tangential/vector/balanced: 2.0273e-01 3.6205e-01 6.1031e-01
Drop stability: 8.4018e-02 (0/3)
Drop RMS/peak-to-peak [mmHg]: 3.9869 11.3331
Rel MSE acc/adv/vis: 4.9955e-01 3.6040e-01 9.7100e-01
Best epoch: 5500
No improvement: 0/15
Early-stop ready: False
==========================================================================================

==========================================================================================
Epoch: 6000
Elapsed: 8.83 s
Gradient score: 2.346095e-01
Tangential/vector/balanced: 1.9800e-01 3.4444e-01 5.8306e-01
Drop stability: 1.1529e-01 (0/3)
Drop RMS/peak-to-peak [mmHg]: 4.3216 12.2820
Rel MSE acc/adv/vis: 4.3074e-01 3.4551e-01 9.7294e-01
Best epoch: 6000
No improvement: 0/15
Early-stop ready: False
==========================================================================================

==========================================================================================
Epoch: 6500
Elapsed: 8.83 s
Gradient score: 2.246676e-01
Tangential/vector/balanced: 1.8892e-01 3.3192e-01 5.7235e-01
Drop stability: 8.3833e-02 (0/3)
Drop RMS/peak-to-peak [mmHg]: 4.0654 11.9356
Rel MSE acc/adv/vis: 4.1309e-01 3.2455e-01 9.7943e-01
Best epoch: 6500
No improvement: 0/15
Early-stop ready: False
==========================================================================================

==========================================================================================
Epoch: 7000
Elapsed: 8.58 s
Gradient score: 2.168159e-01
Tangential/vector/balanced: 1.8315e-01 3.1782e-01 5.5254e-01
Drop stability: 4.3467e-02 (0/3)
Drop RMS/peak-to-peak [mmHg]: 4.1624 11.9052
Rel MSE acc/adv/vis: 3.7288e-01 3.0915e-01 9.7560e-01
Best epoch: 7000
No improvement: 0/15
Early-stop ready: False
==========================================================================================

==========================================================================================
Epoch: 7500
Elapsed: 8.43 s
Gradient score: 2.030906e-01
Tangential/vector/balanced: 1.7032e-01 3.0142e-01 5.3753e-01
Drop stability: 5.0325e-02 (0/3)
Drop RMS/peak-to-peak [mmHg]: 4.2091 12.3782
Rel MSE acc/adv/vis: 3.5825e-01 2.9104e-01 9.6329e-01
Best epoch: 7500
No improvement: 0/15
Early-stop ready: False
==========================================================================================

==========================================================================================
Epoch: 8000
Elapsed: 8.48 s
Gradient score: 2.029847e-01
Tangential/vector/balanced: 1.7211e-01 2.9559e-01 5.2707e-01
Drop stability: 5.5796e-02 (0/3)
Drop RMS/peak-to-peak [mmHg]: 4.0785 12.4462
Rel MSE acc/adv/vis: 3.3571e-01 2.8198e-01 9.6354e-01
Best epoch: 7500
No improvement: 1/15
Early-stop ready: False
==========================================================================================

==========================================================================================
Epoch: 8500
Elapsed: 8.50 s
Gradient score: 1.849671e-01
Tangential/vector/balanced: 1.5403e-01 2.7778e-01 5.1504e-01
Drop stability: 1.0844e-01 (0/3)
Drop RMS/peak-to-peak [mmHg]: 4.3961 12.9219
Rel MSE acc/adv/vis: 3.1954e-01 2.6320e-01 9.6239e-01
Best epoch: 8500
No improvement: 0/15
Early-stop ready: False
==========================================================================================

==========================================================================================
Epoch: 9000
Elapsed: 8.47 s
Gradient score: 1.867490e-01
Tangential/vector/balanced: 1.5701e-01 2.7598e-01 5.1294e-01
Drop stability: 5.6126e-02 (0/3)
Drop RMS/peak-to-peak [mmHg]: 4.2280 12.9041
Rel MSE acc/adv/vis: 3.1429e-01 2.5965e-01 9.6488e-01
Best epoch: 8500
No improvement: 1/15
Early-stop ready: False
==========================================================================================

==========================================================================================
Epoch: 9500
Elapsed: 8.49 s
Gradient score: 1.816924e-01
Tangential/vector/balanced: 1.5311e-01 2.6743e-01 5.0021e-01
Drop stability: 5.0033e-02 (0/3)
Drop RMS/peak-to-peak [mmHg]: 4.1737 13.2974
Rel MSE acc/adv/vis: 2.9508e-01 2.5098e-01 9.5457e-01
Best epoch: 9500
No improvement: 0/15
Early-stop ready: False
==========================================================================================

==========================================================================================
Epoch: 10000
Elapsed: 8.46 s
Gradient score: 1.832281e-01
Tangential/vector/balanced: 1.5359e-01 2.7215e-01 4.9977e-01
Drop stability: 6.0669e-02 (0/3)
Drop RMS/peak-to-peak [mmHg]: 4.2762 13.2311
Rel MSE acc/adv/vis: 3.0225e-01 2.4711e-01 9.4996e-01
Best epoch: 9500
No improvement: 1/15
Early-stop ready: False
==========================================================================================

==========================================================================================
Epoch: 10500
Elapsed: 8.55 s
Gradient score: 1.691537e-01
Tangential/vector/balanced: 1.4041e-01 2.5539e-01 4.9251e-01
Drop stability: 6.3783e-02 (0/3)
Drop RMS/peak-to-peak [mmHg]: 4.2854 14.1595
Rel MSE acc/adv/vis: 2.7361e-01 2.3720e-01 9.6673e-01
Best epoch: 10500
No improvement: 0/15
Early-stop ready: False
==========================================================================================

==========================================================================================
Epoch: 11000
Elapsed: 8.47 s
Gradient score: 1.704374e-01
Tangential/vector/balanced: 1.4255e-01 2.5409e-01 4.9415e-01
Drop stability: 3.0174e-02 (0/3)
Drop RMS/peak-to-peak [mmHg]: 4.2931 14.4346
Rel MSE acc/adv/vis: 2.6802e-01 2.3381e-01 9.8063e-01
Best epoch: 10500
No improvement: 1/15
Early-stop ready: False
==========================================================================================

==========================================================================================
Epoch: 11500
Elapsed: 8.51 s
Gradient score: 1.641858e-01
Tangential/vector/balanced: 1.3641e-01 2.4752e-01 4.8450e-01
Drop stability: 2.7073e-02 (0/3)
Drop RMS/peak-to-peak [mmHg]: 4.3282 14.6132
Rel MSE acc/adv/vis: 2.5999e-01 2.2370e-01 9.6981e-01
Best epoch: 11500
No improvement: 0/15
Early-stop ready: False
==========================================================================================

==========================================================================================
Epoch: 12000
Elapsed: 8.52 s
Gradient score: 1.620187e-01
Tangential/vector/balanced: 1.3427e-01 2.4528e-01 4.8851e-01
Drop stability: 3.5722e-02 (0/3)
Drop RMS/peak-to-peak [mmHg]: 4.4333 14.8072
Rel MSE acc/adv/vis: 2.6038e-01 2.2083e-01 9.8432e-01
Best epoch: 12000
No improvement: 0/15
Early-stop ready: False
==========================================================================================

==========================================================================================
Epoch: 12500
Elapsed: 8.54 s
Gradient score: 1.599499e-01
Tangential/vector/balanced: 1.3227e-01 2.4298e-01 4.7628e-01
Drop stability: 6.1191e-02 (0/3)
Drop RMS/peak-to-peak [mmHg]: 4.5460 14.9535
Rel MSE acc/adv/vis: 2.4544e-01 2.1738e-01 9.6602e-01
Best epoch: 12500
No improvement: 0/15
Early-stop ready: False
==========================================================================================

==========================================================================================
Epoch: 13000
Elapsed: 8.52 s
Gradient score: 1.609204e-01
Tangential/vector/balanced: 1.3435e-01 2.4064e-01 4.6860e-01
Drop stability: 8.2333e-02 (0/3)
Drop RMS/peak-to-peak [mmHg]: 4.3465 15.3213
Rel MSE acc/adv/vis: 2.4049e-01 2.1536e-01 9.4997e-01
Best epoch: 12500
No improvement: 1/15
Early-stop ready: False
==========================================================================================

==========================================================================================
Epoch: 13500
Elapsed: 8.54 s
Gradient score: 1.579341e-01
Tangential/vector/balanced: 1.3114e-01 2.3832e-01 4.6992e-01
Drop stability: 5.0754e-02 (0/3)
Drop RMS/peak-to-peak [mmHg]: 4.4710 15.0869
Rel MSE acc/adv/vis: 2.3476e-01 2.1265e-01 9.6234e-01
Best epoch: 13500
No improvement: 0/15
Early-stop ready: False
==========================================================================================

==========================================================================================
Epoch: 14000
Elapsed: 8.48 s
Gradient score: 1.539060e-01
Tangential/vector/balanced: 1.2733e-01 2.3364e-01 4.7329e-01
Drop stability: 4.4141e-02 (0/3)
Drop RMS/peak-to-peak [mmHg]: 4.3982 15.2731
Rel MSE acc/adv/vis: 2.3751e-01 2.0952e-01 9.7283e-01
Best epoch: 14000
No improvement: 0/15
Early-stop ready: False
==========================================================================================

==========================================================================================
Epoch: 14500
Elapsed: 8.45 s
Gradient score: 1.529993e-01
Tangential/vector/balanced: 1.2694e-01 2.3117e-01 4.7373e-01
Drop stability: 2.9785e-02 (0/3)
Drop RMS/peak-to-peak [mmHg]: 4.4763 15.3999
Rel MSE acc/adv/vis: 2.3470e-01 2.0664e-01 9.7984e-01
Best epoch: 14500
No improvement: 0/15
Early-stop ready: False
==========================================================================================

==========================================================================================
Epoch: 15000
Elapsed: 8.47 s
Gradient score: 1.524634e-01
Tangential/vector/balanced: 1.2657e-01 2.3013e-01 4.7125e-01
Drop stability: 4.1361e-02 (0/3)
Drop RMS/peak-to-peak [mmHg]: 4.4762 15.6325
Rel MSE acc/adv/vis: 2.3006e-01 2.0543e-01 9.7827e-01
Best epoch: 15000
No improvement: 0/15
Early-stop ready: False
==========================================================================================

==========================================================================================
Epoch: 15500
Elapsed: 8.44 s
Gradient score: 1.532381e-01
Tangential/vector/balanced: 1.2828e-01 2.2812e-01 4.6227e-01
Drop stability: 4.1080e-02 (0/3)
Drop RMS/peak-to-peak [mmHg]: 4.3891 15.1921
Rel MSE acc/adv/vis: 2.1715e-01 2.0260e-01 9.6705e-01
Best epoch: 15000
No improvement: 1/15
Early-stop ready: False
==========================================================================================

==========================================================================================
Epoch: 16000
Elapsed: 8.50 s
Gradient score: 1.486738e-01
Tangential/vector/balanced: 1.2378e-01 2.2335e-01 4.6288e-01
Drop stability: 3.5189e-02 (0/3)
Drop RMS/peak-to-peak [mmHg]: 4.3802 15.7227
Rel MSE acc/adv/vis: 2.2010e-01 2.0041e-01 9.6815e-01
Best epoch: 16000
No improvement: 0/15
Early-stop ready: False
==========================================================================================

==========================================================================================
Epoch: 16500
Elapsed: 8.51 s
Gradient score: 1.460089e-01
Tangential/vector/balanced: 1.2164e-01 2.1912e-01 4.6153e-01
Drop stability: 7.6110e-02 (0/3)
Drop RMS/peak-to-peak [mmHg]: 4.5825 15.6811
Rel MSE acc/adv/vis: 2.1535e-01 1.9891e-01 9.7032e-01
Best epoch: 16500
No improvement: 0/15
Early-stop ready: False
==========================================================================================

==========================================================================================
Epoch: 17000
Elapsed: 8.44 s
Gradient score: 1.488949e-01
Tangential/vector/balanced: 1.2478e-01 2.2124e-01 4.6112e-01
Drop stability: 7.4374e-02 (0/3)
Drop RMS/peak-to-peak [mmHg]: 4.3871 15.9052
Rel MSE acc/adv/vis: 2.1172e-01 2.0182e-01 9.6981e-01
Best epoch: 16500
No improvement: 1/15
Early-stop ready: False
==========================================================================================

==========================================================================================
Epoch: 17500
Elapsed: 8.48 s
Gradient score: 1.420823e-01
Tangential/vector/balanced: 1.1807e-01 2.1411e-01 4.6139e-01
Drop stability: 8.3568e-02 (0/3)
Drop RMS/peak-to-peak [mmHg]: 4.6547 16.2472
Rel MSE acc/adv/vis: 2.0582e-01 1.9180e-01 9.8656e-01
Best epoch: 17500
No improvement: 0/15
Early-stop ready: False
==========================================================================================

==========================================================================================
Epoch: 18000
Elapsed: 8.47 s
Gradient score: 1.451347e-01
Tangential/vector/balanced: 1.2202e-01 2.1449e-01 4.5424e-01
Drop stability: 7.4614e-02 (0/3)
Drop RMS/peak-to-peak [mmHg]: 4.4188 15.8816
Rel MSE acc/adv/vis: 2.0793e-01 1.9512e-01 9.5966e-01
Best epoch: 17500
No improvement: 1/15
Early-stop ready: False
==========================================================================================

==========================================================================================
Epoch: 18500
Elapsed: 8.49 s
Gradient score: 1.410758e-01
Tangential/vector/balanced: 1.1769e-01 2.1123e-01 4.5372e-01
Drop stability: 3.5966e-02 (0/3)
Drop RMS/peak-to-peak [mmHg]: 4.4280 16.4845
Rel MSE acc/adv/vis: 2.0720e-01 1.9429e-01 9.5966e-01
Best epoch: 18500
No improvement: 0/15
Early-stop ready: False
==========================================================================================

==========================================================================================
Epoch: 19000
Elapsed: 8.39 s
Gradient score: 1.438776e-01
Tangential/vector/balanced: 1.2107e-01 2.1230e-01 4.5103e-01
Drop stability: 3.0467e-02 (0/3)
Drop RMS/peak-to-peak [mmHg]: 4.4364 16.1334
Rel MSE acc/adv/vis: 2.0097e-01 1.9355e-01 9.5858e-01
Best epoch: 18500
No improvement: 1/15
Early-stop ready: False
==========================================================================================

==========================================================================================
Epoch: 19500
Elapsed: 8.44 s
Gradient score: 1.419848e-01
Tangential/vector/balanced: 1.1936e-01 2.0986e-01 4.5312e-01
Drop stability: 2.1579e-02 (0/3)
Drop RMS/peak-to-peak [mmHg]: 4.4236 16.1896
Rel MSE acc/adv/vis: 1.9863e-01 1.9402e-01 9.6672e-01
Best epoch: 18500
No improvement: 2/15
Early-stop ready: False
==========================================================================================

==========================================================================================
Epoch: 20000
Elapsed: 8.51 s
Gradient score: 1.377078e-01
Tangential/vector/balanced: 1.1515e-01 2.0538e-01 4.6458e-01
Drop stability: 5.1285e-02 (0/3)
Drop RMS/peak-to-peak [mmHg]: 4.4403 16.4458
Rel MSE acc/adv/vis: 1.9771e-01 1.9035e-01 1.0057e+00
Best epoch: 20000
No improvement: 0/15
Early-stop ready: False
==========================================================================================

==========================================================================================
Epoch: 20500
Elapsed: 8.50 s
Gradient score: 1.376464e-01
Tangential/vector/balanced: 1.1509e-01 2.0530e-01 4.5296e-01
Drop stability: 5.0338e-02 (0/3)
Drop RMS/peak-to-peak [mmHg]: 4.5526 16.9520
Rel MSE acc/adv/vis: 1.8925e-01 1.8784e-01 9.8178e-01
Best epoch: 20000
No improvement: 1/15
Early-stop ready: False
==========================================================================================

==========================================================================================
Epoch: 21000
Elapsed: 8.51 s
Gradient score: 1.352337e-01
Tangential/vector/balanced: 1.1267e-01 2.0293e-01 4.4496e-01
Drop stability: 5.0844e-02 (0/3)
Drop RMS/peak-to-peak [mmHg]: 4.5859 16.5041
Rel MSE acc/adv/vis: 1.8785e-01 1.8728e-01 9.5976e-01
Best epoch: 21000
No improvement: 0/15
Early-stop ready: False
==========================================================================================

==========================================================================================
Epoch: 21500
Elapsed: 8.51 s
Gradient score: 1.348655e-01
Tangential/vector/balanced: 1.1287e-01 2.0084e-01 4.4404e-01
Drop stability: 2.7786e-02 (0/3)
Drop RMS/peak-to-peak [mmHg]: 4.5409 16.3636
Rel MSE acc/adv/vis: 1.9217e-01 1.8421e-01 9.5575e-01
Best epoch: 21500
No improvement: 0/15
Early-stop ready: False
==========================================================================================

==========================================================================================
Epoch: 22000
Elapsed: 8.49 s
Gradient score: 1.309311e-01
Tangential/vector/balanced: 1.0891e-01 1.9700e-01 4.4116e-01
Drop stability: 3.6984e-02 (0/3)
Drop RMS/peak-to-peak [mmHg]: 4.6092 16.3512
Rel MSE acc/adv/vis: 1.8683e-01 1.8281e-01 9.5384e-01
Best epoch: 22000
No improvement: 0/15
Early-stop ready: False
==========================================================================================

==========================================================================================
Epoch: 22500
Elapsed: 8.48 s
Gradient score: 1.298612e-01
Tangential/vector/balanced: 1.0791e-01 1.9570e-01 4.4383e-01
Drop stability: 3.8025e-02 (0/3)
Drop RMS/peak-to-peak [mmHg]: 4.5251 16.5698
Rel MSE acc/adv/vis: 1.8620e-01 1.8214e-01 9.6315e-01
Best epoch: 22500
No improvement: 0/15
Early-stop ready: False
==========================================================================================

==========================================================================================
Epoch: 23000
Elapsed: 8.43 s
Gradient score: 1.318899e-01
Tangential/vector/balanced: 1.1110e-01 1.9425e-01 4.5009e-01
Drop stability: 2.9377e-02 (0/3)
Drop RMS/peak-to-peak [mmHg]: 4.5217 16.4907
Rel MSE acc/adv/vis: 1.8742e-01 1.8095e-01 9.8190e-01
Best epoch: 22500
No improvement: 1/15
Early-stop ready: False
==========================================================================================

==========================================================================================
Epoch: 23500
Elapsed: 8.47 s
Gradient score: 1.275360e-01
Tangential/vector/balanced: 1.0608e-01 1.9190e-01 4.4270e-01
Drop stability: 2.0097e-02 (0/3)
Drop RMS/peak-to-peak [mmHg]: 4.5507 16.4677
Rel MSE acc/adv/vis: 1.8197e-01 1.7757e-01 9.6855e-01
Best epoch: 23500
No improvement: 0/15
Early-stop ready: False
==========================================================================================

==========================================================================================
Epoch: 24000
Elapsed: 8.37 s
Gradient score: 1.339784e-01
Tangential/vector/balanced: 1.1327e-01 1.9611e-01 4.5000e-01
Drop stability: 2.4917e-02 (0/3)
Drop RMS/peak-to-peak [mmHg]: 4.6069 16.6176
Rel MSE acc/adv/vis: 1.8690e-01 1.8075e-01 9.8235e-01
Best epoch: 23500
No improvement: 1/15
Early-stop ready: False
==========================================================================================

==========================================================================================
Epoch: 24500
Elapsed: 8.38 s
Gradient score: 1.275330e-01
Tangential/vector/balanced: 1.0660e-01 1.9032e-01 4.4063e-01
Drop stability: 4.4023e-02 (0/3)
Drop RMS/peak-to-peak [mmHg]: 4.5201 16.0420
Rel MSE acc/adv/vis: 1.8459e-01 1.7553e-01 9.6176e-01
Best epoch: 23500
No improvement: 2/15
Early-stop ready: False
==========================================================================================

==========================================================================================
Epoch: 25000
Elapsed: 8.56 s
Gradient score: 1.253622e-01
Tangential/vector/balanced: 1.0458e-01 1.8770e-01 4.4018e-01
Drop stability: 3.6889e-02 (0/3)
Drop RMS/peak-to-peak [mmHg]: 4.5672 16.0336
Rel MSE acc/adv/vis: 1.8059e-01 1.7245e-01 9.6750e-01
Best epoch: 25000
No improvement: 0/15
Early-stop ready: False
==========================================================================================

==========================================================================================
Epoch: 25500
Elapsed: 8.59 s
Gradient score: 1.398642e-01
Tangential/vector/balanced: 1.1878e-01 2.0311e-01 4.6928e-01
Drop stability: 8.7956e-02 (0/3)
Drop RMS/peak-to-peak [mmHg]: 4.4127 15.7517
Rel MSE acc/adv/vis: 2.1069e-01 1.8407e-01 1.0131e+00
Best epoch: 25000
No improvement: 1/15
Early-stop ready: False
==========================================================================================

==========================================================================================
Epoch: 26000
Elapsed: 8.38 s
Gradient score: 1.277896e-01
Tangential/vector/balanced: 1.0804e-01 1.8703e-01 4.3912e-01
Drop stability: 5.1498e-02 (0/3)
Drop RMS/peak-to-peak [mmHg]: 4.3809 15.8661
Rel MSE acc/adv/vis: 1.8338e-01 1.7141e-01 9.6256e-01
Best epoch: 25000
No improvement: 2/15
Early-stop ready: False
==========================================================================================

==========================================================================================
Epoch: 26500
Elapsed: 8.54 s
Gradient score: 1.235070e-01
Tangential/vector/balanced: 1.0353e-01 1.8343e-01 4.3692e-01
Drop stability: 8.3120e-02 (0/3)
Drop RMS/peak-to-peak [mmHg]: 4.6581 16.5833
Rel MSE acc/adv/vis: 1.7750e-01 1.7002e-01 9.6323e-01
Best epoch: 26500
No improvement: 0/15
Early-stop ready: False
==========================================================================================

==========================================================================================
Epoch: 27000
Elapsed: 8.40 s
Gradient score: 1.241904e-01
Tangential/vector/balanced: 1.0455e-01 1.8311e-01 4.4621e-01
Drop stability: 9.9520e-02 (0/3)
Drop RMS/peak-to-peak [mmHg]: 4.3343 15.8752
Rel MSE acc/adv/vis: 1.7976e-01 1.6790e-01 9.9096e-01
Best epoch: 26500
No improvement: 1/15
Early-stop ready: False
==========================================================================================

==========================================================================================
Epoch: 27500
Elapsed: 8.47 s
Gradient score: 1.209766e-01
Tangential/vector/balanced: 1.0131e-01 1.7999e-01 4.3848e-01
Drop stability: 5.4790e-02 (0/3)
Drop RMS/peak-to-peak [mmHg]: 4.4789 15.8913
Rel MSE acc/adv/vis: 1.7606e-01 1.6784e-01 9.7154e-01
Best epoch: 27500
No improvement: 0/15
Early-stop ready: False
==========================================================================================

==========================================================================================
Epoch: 28000
Elapsed: 8.48 s
Gradient score: 1.232565e-01
Tangential/vector/balanced: 1.0341e-01 1.8279e-01 4.3785e-01
Drop stability: 4.6606e-02 (0/3)
Drop RMS/peak-to-peak [mmHg]: 4.5563 16.3877
Rel MSE acc/adv/vis: 1.7770e-01 1.6819e-01 9.6767e-01
Best epoch: 27500
No improvement: 1/15
Early-stop ready: False
==========================================================================================

==========================================================================================
Epoch: 28500
Elapsed: 8.44 s
Gradient score: 1.226467e-01
Tangential/vector/balanced: 1.0318e-01 1.8104e-01 4.3707e-01
Drop stability: 6.0596e-02 (0/3)
Drop RMS/peak-to-peak [mmHg]: 4.5977 16.6821
Rel MSE acc/adv/vis: 1.7739e-01 1.6945e-01 9.6436e-01
Best epoch: 27500
No improvement: 2/15
Early-stop ready: False
==========================================================================================

==========================================================================================
Epoch: 29000
Elapsed: 8.51 s
Gradient score: 1.180158e-01
Tangential/vector/balanced: 9.8236e-02 1.7736e-01 4.3640e-01
Drop stability: 3.2183e-02 (0/3)
Drop RMS/peak-to-peak [mmHg]: 4.5702 16.4469
Rel MSE acc/adv/vis: 1.7214e-01 1.6667e-01 9.7040e-01
Best epoch: 29000
No improvement: 0/15
Early-stop ready: False
==========================================================================================

==========================================================================================
Epoch: 29500
Elapsed: 8.36 s
Gradient score: 1.276150e-01
Tangential/vector/balanced: 1.0872e-01 1.8431e-01 4.4446e-01
Drop stability: 3.3054e-02 (0/3)
Drop RMS/peak-to-peak [mmHg]: 4.5621 16.4691
Rel MSE acc/adv/vis: 1.8021e-01 1.6976e-01 9.8341e-01
Best epoch: 29000
No improvement: 1/15
Early-stop ready: False
==========================================================================================

==========================================================================================
Epoch: 30000
Elapsed: 8.40 s
Gradient score: 1.190492e-01
Tangential/vector/balanced: 1.0014e-01 1.7577e-01 4.3251e-01
Drop stability: 3.8688e-02 (0/3)
Drop RMS/peak-to-peak [mmHg]: 4.6122 16.8274
Rel MSE acc/adv/vis: 1.6890e-01 1.6315e-01 9.6548e-01
Best epoch: 29000
No improvement: 2/15
Early-stop ready: False
==========================================================================================

==========================================================================================
Epoch: 30500
Elapsed: 8.46 s
Gradient score: 1.244771e-01
Tangential/vector/balanced: 1.0673e-01 1.7772e-01 4.4037e-01
Drop stability: 3.1365e-02 (0/3)
Drop RMS/peak-to-peak [mmHg]: 4.4979 16.1970
Rel MSE acc/adv/vis: 1.7422e-01 1.6516e-01 9.8173e-01
Best epoch: 29000
No improvement: 3/15
Early-stop ready: False
==========================================================================================

==========================================================================================
Epoch: 31000
Elapsed: 8.41 s
Gradient score: 1.195233e-01
Tangential/vector/balanced: 1.0131e-01 1.7416e-01 4.2918e-01
Drop stability: 5.0855e-02 (0/3)
Drop RMS/peak-to-peak [mmHg]: 4.3510 16.0500
Rel MSE acc/adv/vis: 1.6961e-01 1.6260e-01 9.5532e-01
Best epoch: 29000
No improvement: 4/15
Early-stop ready: False
==========================================================================================

==========================================================================================
Epoch: 31500
Elapsed: 8.40 s
Gradient score: 1.207225e-01
Tangential/vector/balanced: 1.0228e-01 1.7604e-01 4.3689e-01
Drop stability: 6.6788e-02 (0/3)
Drop RMS/peak-to-peak [mmHg]: 4.5425 16.1535
Rel MSE acc/adv/vis: 1.7138e-01 1.6401e-01 9.7527e-01
Best epoch: 29000
No improvement: 5/15
Early-stop ready: False
==========================================================================================

==========================================================================================
Epoch: 32000
Elapsed: 8.51 s
Gradient score: 1.172706e-01
Tangential/vector/balanced: 9.8979e-02 1.7214e-01 4.3591e-01
Drop stability: 4.8452e-02 (0/3)
Drop RMS/peak-to-peak [mmHg]: 4.5655 16.5578
Rel MSE acc/adv/vis: 1.6680e-01 1.6139e-01 9.7953e-01
Best epoch: 32000
No improvement: 0/15
Early-stop ready: False
==========================================================================================

==========================================================================================
Epoch: 32500
Elapsed: 8.49 s
Gradient score: 1.167690e-01
Tangential/vector/balanced: 9.8469e-02 1.7167e-01 4.3891e-01
Drop stability: 5.7386e-02 (0/3)
Drop RMS/peak-to-peak [mmHg]: 4.5118 16.2455
Rel MSE acc/adv/vis: 1.6379e-01 1.6086e-01 9.9208e-01
Best epoch: 32500
No improvement: 0/15
Early-stop ready: False
==========================================================================================

==========================================================================================
Epoch: 33000
Elapsed: 8.68 s
Gradient score: 1.155295e-01
Tangential/vector/balanced: 9.7451e-02 1.6977e-01 4.2787e-01
Drop stability: 4.4432e-02 (0/3)
Drop RMS/peak-to-peak [mmHg]: 4.3779 16.1907
Rel MSE acc/adv/vis: 1.6120e-01 1.5868e-01 9.6374e-01
Best epoch: 33000
No improvement: 0/15
Early-stop ready: False
==========================================================================================

==========================================================================================
Epoch: 33500
Elapsed: 8.50 s
Gradient score: 1.164813e-01
Tangential/vector/balanced: 9.8976e-02 1.6900e-01 4.2610e-01
Drop stability: 4.1196e-02 (0/3)
Drop RMS/peak-to-peak [mmHg]: 4.3874 16.3204
Rel MSE acc/adv/vis: 1.6674e-01 1.6119e-01 9.5037e-01
Best epoch: 33000
No improvement: 1/15
Early-stop ready: False
==========================================================================================

==========================================================================================
Epoch: 34000
Elapsed: 8.57 s
Gradient score: 1.145230e-01
Tangential/vector/balanced: 9.6857e-02 1.6752e-01 4.2689e-01
Drop stability: 3.7494e-02 (0/3)
Drop RMS/peak-to-peak [mmHg]: 4.4006 16.2956
Rel MSE acc/adv/vis: 1.6287e-01 1.5765e-01 9.6014e-01
Best epoch: 34000
No improvement: 0/15
Early-stop ready: False
==========================================================================================

==========================================================================================
Epoch: 34500
Elapsed: 8.37 s
Gradient score: 1.181172e-01
Tangential/vector/balanced: 1.0094e-01 1.6965e-01 4.4554e-01
Drop stability: 5.7573e-02 (0/3)
Drop RMS/peak-to-peak [mmHg]: 4.5808 16.9648
Rel MSE acc/adv/vis: 1.6202e-01 1.5834e-01 1.0163e+00
Best epoch: 34000
No improvement: 1/15
Early-stop ready: False
==========================================================================================

==========================================================================================
Epoch: 35000
Elapsed: 8.64 s
Gradient score: 1.138692e-01
Tangential/vector/balanced: 9.6795e-02 1.6509e-01 4.3371e-01
Drop stability: 6.6256e-02 (0/3)
Drop RMS/peak-to-peak [mmHg]: 4.4425 16.4203
Rel MSE acc/adv/vis: 1.6164e-01 1.5448e-01 9.8502e-01
Best epoch: 35000
No improvement: 0/15
Early-stop ready: False
==========================================================================================

==========================================================================================
Epoch: 35500
Elapsed: 8.57 s
Gradient score: 1.156678e-01
Tangential/vector/balanced: 9.8704e-02 1.6656e-01 4.2311e-01
Drop stability: 5.3742e-02 (0/3)
Drop RMS/peak-to-peak [mmHg]: 4.3411 16.3212
Rel MSE acc/adv/vis: 1.5925e-01 1.5731e-01 9.5276e-01
Best epoch: 35000
No improvement: 1/15
Early-stop ready: False
==========================================================================================

==========================================================================================
Epoch: 36000
Elapsed: 8.50 s
Gradient score: 1.180564e-01
Tangential/vector/balanced: 1.0097e-01 1.6931e-01 4.3155e-01
Drop stability: 7.1898e-02 (0/3)
Drop RMS/peak-to-peak [mmHg]: 4.4460 16.1831
Rel MSE acc/adv/vis: 1.6265e-01 1.5556e-01 9.7645e-01
Best epoch: 35000
No improvement: 2/15
Early-stop ready: False
==========================================================================================

==========================================================================================
Epoch: 36500
Elapsed: 8.49 s
Gradient score: 1.152098e-01
Tangential/vector/balanced: 9.9162e-02 1.6335e-01 4.2969e-01
Drop stability: 3.9466e-02 (0/3)
Drop RMS/peak-to-peak [mmHg]: 4.4797 16.5607
Rel MSE acc/adv/vis: 1.6432e-01 1.5140e-01 9.7334e-01
Best epoch: 35000
No improvement: 3/15
Early-stop ready: False
==========================================================================================

==========================================================================================
Epoch: 37000
Elapsed: 8.47 s
Gradient score: 1.162215e-01
Tangential/vector/balanced: 9.9742e-02 1.6566e-01 4.2971e-01
Drop stability: 2.8431e-02 (0/3)
Drop RMS/peak-to-peak [mmHg]: 4.4536 16.5937
Rel MSE acc/adv/vis: 1.6686e-01 1.5463e-01 9.6762e-01
Best epoch: 35000
No improvement: 4/15
Early-stop ready: False
==========================================================================================

==========================================================================================
Epoch: 37500
Elapsed: 8.45 s
Gradient score: 1.145901e-01
Tangential/vector/balanced: 9.8225e-02 1.6369e-01 4.2640e-01
Drop stability: 3.7365e-02 (0/3)
Drop RMS/peak-to-peak [mmHg]: 4.4936 16.6007
Rel MSE acc/adv/vis: 1.6411e-01 1.5381e-01 9.6126e-01
Best epoch: 35000
No improvement: 5/15
Early-stop ready: False
==========================================================================================

==========================================================================================
Epoch: 38000
Elapsed: 8.73 s
Gradient score: 1.127277e-01
Tangential/vector/balanced: 9.6903e-02 1.6020e-01 4.2346e-01
Drop stability: 4.9899e-02 (0/3)
Drop RMS/peak-to-peak [mmHg]: 4.3698 16.4708
Rel MSE acc/adv/vis: 1.5410e-01 1.4966e-01 9.6663e-01
Best epoch: 38000
No improvement: 0/15
Early-stop ready: False
==========================================================================================

==========================================================================================
Epoch: 38500
Elapsed: 8.44 s
Gradient score: 1.172438e-01
Tangential/vector/balanced: 1.0167e-01 1.6395e-01 4.2980e-01
Drop stability: 5.4409e-02 (0/3)
Drop RMS/peak-to-peak [mmHg]: 4.3875 16.5173
Rel MSE acc/adv/vis: 1.5692e-01 1.5337e-01 9.7911e-01
Best epoch: 38000
No improvement: 1/15
Early-stop ready: False
==========================================================================================

==========================================================================================
Epoch: 39000
Elapsed: 8.46 s
Gradient score: 1.134470e-01
Tangential/vector/balanced: 9.7652e-02 1.6083e-01 4.2256e-01
Drop stability: 6.8341e-02 (0/3)
Drop RMS/peak-to-peak [mmHg]: 4.5265 17.0474
Rel MSE acc/adv/vis: 1.5727e-01 1.5042e-01 9.6000e-01
Best epoch: 38000
No improvement: 2/15
Early-stop ready: False
==========================================================================================

==========================================================================================
Epoch: 39500
Elapsed: 8.43 s
Gradient score: 1.138351e-01
Tangential/vector/balanced: 9.8638e-02 1.5943e-01 4.2229e-01
Drop stability: 6.2639e-02 (0/3)
Drop RMS/peak-to-peak [mmHg]: 4.3367 16.7980
Rel MSE acc/adv/vis: 1.5473e-01 1.4889e-01 9.6326e-01
Best epoch: 38000
No improvement: 3/15
Early-stop ready: False
==========================================================================================

==========================================================================================
Epoch: 40000
Elapsed: 8.46 s
Gradient score: 1.137406e-01
Tangential/vector/balanced: 9.7941e-02 1.6114e-01 4.2773e-01
Drop stability: 1.2648e-01 (0/3)
Drop RMS/peak-to-peak [mmHg]: 4.7062 17.3094
Rel MSE acc/adv/vis: 1.5865e-01 1.5007e-01 9.7448e-01
Best epoch: 38000
No improvement: 4/15
Early-stop ready: False
==========================================================================================

==========================================================================================
Epoch: 40500
Elapsed: 8.69 s
Gradient score: 1.112955e-01
Tangential/vector/balanced: 9.5932e-02 1.5739e-01 4.1975e-01
Drop stability: 7.8293e-02 (0/3)
Drop RMS/peak-to-peak [mmHg]: 4.4551 16.7090
Rel MSE acc/adv/vis: 1.5311e-01 1.4884e-01 9.5729e-01
Best epoch: 40500
No improvement: 0/15
Early-stop ready: False
==========================================================================================

==========================================================================================
Epoch: 41000
Elapsed: 8.43 s
Gradient score: 1.125418e-01
Tangential/vector/balanced: 9.7533e-02 1.5757e-01 4.2410e-01
Drop stability: 9.5418e-02 (0/3)
Drop RMS/peak-to-peak [mmHg]: 4.7127 17.4885
Rel MSE acc/adv/vis: 1.5534e-01 1.4737e-01 9.6958e-01
Best epoch: 40500
No improvement: 1/15
Early-stop ready: False
==========================================================================================

==========================================================================================
Epoch: 41500
Elapsed: 8.49 s
Gradient score: 1.146323e-01
Tangential/vector/balanced: 9.9550e-02 1.5988e-01 4.4221e-01
Drop stability: 9.6354e-02 (0/3)
Drop RMS/peak-to-peak [mmHg]: 4.4329 16.7096
Rel MSE acc/adv/vis: 1.5468e-01 1.5077e-01 1.0212e+00
Best epoch: 40500
No improvement: 2/15
Early-stop ready: False
==========================================================================================

==========================================================================================
Epoch: 42000
Elapsed: 8.46 s
Gradient score: 1.123909e-01
Tangential/vector/balanced: 9.8031e-02 1.5547e-01 4.3661e-01
Drop stability: 3.9092e-02 (0/3)
Drop RMS/peak-to-peak [mmHg]: 4.3966 16.6938
Rel MSE acc/adv/vis: 1.5307e-01 1.4500e-01 1.0118e+00
Best epoch: 40500
No improvement: 3/15
Early-stop ready: False
==========================================================================================

==========================================================================================
Epoch: 42500
Elapsed: 8.51 s
Gradient score: 1.139405e-01
Tangential/vector/balanced: 9.9899e-02 1.5606e-01 4.2110e-01
Drop stability: 2.8472e-02 (0/3)
Drop RMS/peak-to-peak [mmHg]: 4.3794 16.7409
Rel MSE acc/adv/vis: 1.5627e-01 1.4764e-01 9.5939e-01
Best epoch: 40500
No improvement: 4/15
Early-stop ready: False
==========================================================================================

==========================================================================================
Epoch: 43000
Elapsed: 8.57 s
Gradient score: 1.152895e-01
Tangential/vector/balanced: 1.0118e-01 1.5761e-01 4.1933e-01
Drop stability: 5.8424e-02 (0/3)
Drop RMS/peak-to-peak [mmHg]: 4.2593 16.3647
Rel MSE acc/adv/vis: 1.5209e-01 1.4767e-01 9.5821e-01
Best epoch: 40500
No improvement: 5/15
Early-stop ready: False
==========================================================================================

==========================================================================================
Epoch: 43500
Elapsed: 8.67 s
Gradient score: 1.111433e-01
Tangential/vector/balanced: 9.6854e-02 1.5401e-01 4.4323e-01
Drop stability: 7.9222e-02 (0/3)
Drop RMS/peak-to-peak [mmHg]: 4.4085 16.5982
Rel MSE acc/adv/vis: 1.5134e-01 1.4377e-01 1.0346e+00
Best epoch: 40500
No improvement: 6/15
Early-stop ready: False
==========================================================================================

==========================================================================================
Epoch: 44000
Elapsed: 8.57 s
Gradient score: 1.137411e-01
Tangential/vector/balanced: 9.9203e-02 1.5735e-01 4.2116e-01
Drop stability: 6.3407e-02 (0/3)
Drop RMS/peak-to-peak [mmHg]: 4.3589 16.6684
Rel MSE acc/adv/vis: 1.5440e-01 1.4762e-01 9.6145e-01
Best epoch: 40500
No improvement: 7/15
Early-stop ready: False
==========================================================================================

==========================================================================================
Epoch: 44500
Elapsed: 8.53 s
Gradient score: 1.112712e-01
Tangential/vector/balanced: 9.7409e-02 1.5286e-01 4.3071e-01
Drop stability: 7.4236e-02 (0/3)
Drop RMS/peak-to-peak [mmHg]: 4.3271 16.4766
Rel MSE acc/adv/vis: 1.5229e-01 1.4409e-01 9.9576e-01
Best epoch: 40500
No improvement: 8/15
Early-stop ready: False
==========================================================================================

==========================================================================================
Epoch: 45000
Elapsed: 8.53 s
Gradient score: 1.111301e-01
Tangential/vector/balanced: 9.7059e-02 1.5334e-01 4.1987e-01
Drop stability: 8.2096e-02 (0/3)
Drop RMS/peak-to-peak [mmHg]: 4.6130 17.0903
Rel MSE acc/adv/vis: 1.5257e-01 1.4514e-01 9.6189e-01
Best epoch: 40500
No improvement: 9/15
Early-stop ready: False
==========================================================================================

==========================================================================================
Epoch: 45500
Elapsed: 8.70 s
Gradient score: 1.136887e-01
Tangential/vector/balanced: 1.0035e-01 1.5369e-01 4.2115e-01
Drop stability: 6.0350e-02 (0/3)
Drop RMS/peak-to-peak [mmHg]: 4.4713 16.6843
Rel MSE acc/adv/vis: 1.4926e-01 1.4439e-01 9.6978e-01
Best epoch: 40500
No improvement: 10/15
Early-stop ready: False
==========================================================================================

==========================================================================================
Epoch: 46000
Elapsed: 8.69 s
Gradient score: 1.098416e-01
Tangential/vector/balanced: 9.6183e-02 1.5082e-01 4.2925e-01
Drop stability: 5.5681e-02 (0/3)
Drop RMS/peak-to-peak [mmHg]: 4.6604 17.2146
Rel MSE acc/adv/vis: 1.5016e-01 1.4227e-01 9.9533e-01
Best epoch: 46000
No improvement: 0/15
Early-stop ready: False
==========================================================================================

==========================================================================================
Epoch: 46500
Elapsed: 8.49 s
Gradient score: 1.125951e-01
Tangential/vector/balanced: 9.9181e-02 1.5284e-01 4.2608e-01
Drop stability: 7.6552e-02 (0/3)
Drop RMS/peak-to-peak [mmHg]: 4.4120 16.5816
Rel MSE acc/adv/vis: 1.4917e-01 1.4568e-01 9.8338e-01
Best epoch: 46000
No improvement: 1/15
Early-stop ready: False
==========================================================================================

==========================================================================================
Epoch: 47000
Elapsed: 8.79 s
Gradient score: 1.142556e-01
Tangential/vector/balanced: 1.0114e-01 1.5361e-01 4.2727e-01
Drop stability: 5.4159e-02 (0/3)
Drop RMS/peak-to-peak [mmHg]: 4.2403 16.0894
Rel MSE acc/adv/vis: 1.4917e-01 1.4249e-01 9.9015e-01
Best epoch: 46000
No improvement: 2/15
Early-stop ready: False
==========================================================================================

==========================================================================================
Epoch: 47500
Elapsed: 8.56 s
Gradient score: 1.120520e-01
Tangential/vector/balanced: 9.9402e-02 1.5000e-01 4.2005e-01
Drop stability: 6.8437e-02 (0/3)
Drop RMS/peak-to-peak [mmHg]: 4.4211 16.9809
Rel MSE acc/adv/vis: 1.5017e-01 1.4078e-01 9.6920e-01
Best epoch: 46000
No improvement: 3/15
Early-stop ready: False
==========================================================================================

==========================================================================================
Epoch: 48000
Elapsed: 8.64 s
Gradient score: 1.100670e-01
Tangential/vector/balanced: 9.6998e-02 1.4928e-01 4.1449e-01
Drop stability: 4.4930e-02 (0/3)
Drop RMS/peak-to-peak [mmHg]: 4.5021 17.5281
Rel MSE acc/adv/vis: 1.4677e-01 1.4281e-01 9.5389e-01
Best epoch: 46000
No improvement: 4/15
Early-stop ready: False
==========================================================================================

==========================================================================================
Epoch: 48500
Elapsed: 8.69 s
Gradient score: 1.087792e-01
Tangential/vector/balanced: 9.5751e-02 1.4786e-01 4.1661e-01
Drop stability: 4.9703e-02 (0/3)
Drop RMS/peak-to-peak [mmHg]: 4.3589 16.4964
Rel MSE acc/adv/vis: 1.4333e-01 1.3955e-01 9.6695e-01
Best epoch: 48500
No improvement: 0/15
Early-stop ready: False
==========================================================================================

==========================================================================================
Epoch: 49000
Elapsed: 8.68 s
Gradient score: 1.081924e-01
Tangential/vector/balanced: 9.5443e-02 1.4644e-01 4.1718e-01
Drop stability: 3.1694e-02 (0/3)
Drop RMS/peak-to-peak [mmHg]: 4.3579 16.5110
Rel MSE acc/adv/vis: 1.4411e-01 1.3739e-01 9.7003e-01
Best epoch: 49000
No improvement: 0/15
Early-stop ready: False
==========================================================================================

==========================================================================================
Epoch: 49500
Elapsed: 8.53 s
Gradient score: 1.114234e-01
Tangential/vector/balanced: 9.9184e-02 1.4814e-01 4.1524e-01
Drop stability: 6.2232e-02 (0/3)
Drop RMS/peak-to-peak [mmHg]: 4.5537 17.0517
Rel MSE acc/adv/vis: 1.4380e-01 1.3974e-01 9.6217e-01
Best epoch: 49000
No improvement: 1/15
Early-stop ready: False
==========================================================================================

==========================================================================================
Epoch: 50000
Elapsed: 8.64 s
Gradient score: 1.118352e-01
Tangential/vector/balanced: 9.9197e-02 1.4975e-01 4.1547e-01
Drop stability: 3.6402e-02 (0/3)
Drop RMS/peak-to-peak [mmHg]: 4.5572 17.3478
Rel MSE acc/adv/vis: 1.4700e-01 1.4073e-01 9.5869e-01
Best epoch: 49000
No improvement: 2/15
Early-stop ready: False
==========================================================================================

==========================================================================================
Epoch: 50500
Elapsed: 8.74 s
Gradient score: 1.112665e-01
Tangential/vector/balanced: 9.8872e-02 1.4845e-01 4.1306e-01
Drop stability: 7.6252e-02 (0/3)
Drop RMS/peak-to-peak [mmHg]: 4.3667 16.8747
Rel MSE acc/adv/vis: 1.4052e-01 1.3827e-01 9.6038e-01
Best epoch: 49000
No improvement: 3/15
Early-stop ready: False
==========================================================================================

==========================================================================================
Epoch: 51000
Elapsed: 8.54 s
Gradient score: 1.102019e-01
Tangential/vector/balanced: 9.8120e-02 1.4645e-01 4.2219e-01
Drop stability: 7.5210e-02 (0/3)
Drop RMS/peak-to-peak [mmHg]: 4.5696 17.3455
Rel MSE acc/adv/vis: 1.4035e-01 1.3915e-01 9.8708e-01
Best epoch: 49000
No improvement: 4/15
Early-stop ready: False
==========================================================================================

==========================================================================================
Epoch: 51500
Elapsed: 8.48 s
Gradient score: 1.106724e-01
Tangential/vector/balanced: 9.8523e-02 1.4712e-01 4.1431e-01
Drop stability: 5.1534e-02 (0/3)
Drop RMS/peak-to-peak [mmHg]: 4.4128 16.8943
Rel MSE acc/adv/vis: 1.4007e-01 1.3826e-01 9.6459e-01
Best epoch: 49000
No improvement: 5/15
Early-stop ready: False
==========================================================================================

==========================================================================================
Epoch: 52000
Elapsed: 8.56 s
Gradient score: 1.092415e-01
Tangential/vector/balanced: 9.7278e-02 1.4513e-01 4.1639e-01
Drop stability: 4.7308e-02 (0/3)
Drop RMS/peak-to-peak [mmHg]: 4.5509 17.2717
Rel MSE acc/adv/vis: 1.4294e-01 1.3720e-01 9.6902e-01
Best epoch: 49000
No improvement: 6/15
Early-stop ready: False
==========================================================================================

==========================================================================================
Epoch: 52500
Elapsed: 8.52 s
Gradient score: 1.089822e-01
Tangential/vector/balanced: 9.6637e-02 1.4602e-01 4.1541e-01
Drop stability: 5.5660e-02 (0/3)
Drop RMS/peak-to-peak [mmHg]: 4.3671 16.4564
Rel MSE acc/adv/vis: 1.4023e-01 1.3643e-01 9.6956e-01
Best epoch: 49000
No improvement: 7/15
Early-stop ready: False
==========================================================================================

==========================================================================================
Epoch: 53000
Elapsed: 8.67 s
Gradient score: 1.108607e-01
Tangential/vector/balanced: 9.9048e-02 1.4630e-01 4.1646e-01
Drop stability: 7.3231e-02 (0/3)
Drop RMS/peak-to-peak [mmHg]: 4.6353 17.3240
Rel MSE acc/adv/vis: 1.4241e-01 1.3805e-01 9.6894e-01
Best epoch: 49000
No improvement: 8/15
Early-stop ready: False
==========================================================================================

==========================================================================================
Epoch: 53500
Elapsed: 8.53 s
Gradient score: 1.107814e-01
Tangential/vector/balanced: 9.8563e-02 1.4744e-01 4.2082e-01
Drop stability: 3.9910e-02 (0/3)
Drop RMS/peak-to-peak [mmHg]: 4.6364 17.4768
Rel MSE acc/adv/vis: 1.4123e-01 1.3770e-01 9.8354e-01
Best epoch: 49000
No improvement: 9/15
Early-stop ready: False
==========================================================================================

==========================================================================================
Epoch: 54000
Elapsed: 8.86 s
Gradient score: 1.045314e-01
Tangential/vector/balanced: 9.2244e-02 1.4139e-01 4.1981e-01
Drop stability: 6.8020e-02 (0/3)
Drop RMS/peak-to-peak [mmHg]: 4.4727 17.1095
Rel MSE acc/adv/vis: 1.4058e-01 1.3357e-01 9.8530e-01
Best epoch: 54000
No improvement: 0/15
Early-stop ready: False
==========================================================================================

==========================================================================================
Epoch: 54500
Elapsed: 8.57 s
Gradient score: 1.111286e-01
Tangential/vector/balanced: 9.9115e-02 1.4717e-01 4.1562e-01
Drop stability: 6.1438e-02 (0/3)
Drop RMS/peak-to-peak [mmHg]: 4.4923 17.0653
Rel MSE acc/adv/vis: 1.4262e-01 1.3864e-01 9.6561e-01
Best epoch: 54000
No improvement: 1/15
Early-stop ready: False
==========================================================================================

==========================================================================================
Epoch: 55000
Elapsed: 8.53 s
Gradient score: 1.093517e-01
Tangential/vector/balanced: 9.7935e-02 1.4360e-01 4.1516e-01
Drop stability: 5.9630e-02 (0/3)
Drop RMS/peak-to-peak [mmHg]: 4.5944 17.1252
Rel MSE acc/adv/vis: 1.3994e-01 1.3654e-01 9.6902e-01
Best epoch: 54000
No improvement: 2/15
Early-stop ready: False
==========================================================================================

==========================================================================================
Epoch: 55500
Elapsed: 9.22 s
Gradient score: 1.094529e-01
Tangential/vector/balanced: 9.7617e-02 1.4496e-01 4.1543e-01
Drop stability: 5.9595e-02 (0/3)
Drop RMS/peak-to-peak [mmHg]: 4.3970 16.5498
Rel MSE acc/adv/vis: 1.3901e-01 1.3526e-01 9.7202e-01
Best epoch: 54000
No improvement: 3/15
Early-stop ready: False
==========================================================================================

==========================================================================================
Epoch: 56000
Elapsed: 8.45 s
Gradient score: 1.081932e-01
Tangential/vector/balanced: 9.6374e-02 1.4365e-01 4.2676e-01
Drop stability: 2.9343e-02 (0/3)
Drop RMS/peak-to-peak [mmHg]: 4.3186 16.5975
Rel MSE acc/adv/vis: 1.3705e-01 1.3611e-01 1.0071e+00
Best epoch: 54000
No improvement: 4/15
Early-stop ready: False
==========================================================================================

==========================================================================================
Epoch: 56500
Elapsed: 8.94 s
Gradient score: 1.080276e-01
Tangential/vector/balanced: 9.6105e-02 1.4380e-01 4.1783e-01
Drop stability: 1.2980e-01 (0/3)
Drop RMS/peak-to-peak [mmHg]: 4.7772 17.5509
Rel MSE acc/adv/vis: 1.3838e-01 1.3484e-01 9.8027e-01
Best epoch: 54000
No improvement: 5/15
Early-stop ready: False
==========================================================================================

==========================================================================================
Epoch: 57000
Elapsed: 9.01 s
Gradient score: 1.093442e-01
Tangential/vector/balanced: 9.7677e-02 1.4435e-01 4.1773e-01
Drop stability: 9.2797e-02 (0/3)
Drop RMS/peak-to-peak [mmHg]: 4.4620 16.4699
Rel MSE acc/adv/vis: 1.3935e-01 1.3702e-01 9.7680e-01
Best epoch: 54000
No improvement: 6/15
Early-stop ready: False
==========================================================================================

==========================================================================================
Epoch: 57500
Elapsed: 8.51 s
Gradient score: 1.073885e-01
Tangential/vector/balanced: 9.5772e-02 1.4224e-01 4.1800e-01
Drop stability: 5.2234e-02 (0/3)
Drop RMS/peak-to-peak [mmHg]: 4.4997 17.0806
Rel MSE acc/adv/vis: 1.4028e-01 1.3432e-01 9.7939e-01
Best epoch: 54000
No improvement: 7/15
Early-stop ready: False
==========================================================================================

==========================================================================================
Epoch: 58000
Elapsed: 8.68 s
Gradient score: 1.068872e-01
Tangential/vector/balanced: 9.5163e-02 1.4206e-01 4.1443e-01
Drop stability: 3.7441e-02 (0/3)
Drop RMS/peak-to-peak [mmHg]: 4.4155 17.0741
Rel MSE acc/adv/vis: 1.3898e-01 1.3561e-01 9.6870e-01
Best epoch: 54000
No improvement: 8/15
Early-stop ready: False
==========================================================================================

==========================================================================================
Epoch: 58500
Elapsed: 8.55 s
Gradient score: 1.076781e-01
Tangential/vector/balanced: 9.6182e-02 1.4217e-01 4.1153e-01
Drop stability: 3.4956e-02 (0/3)
Drop RMS/peak-to-peak [mmHg]: 4.4758 17.1181
Rel MSE acc/adv/vis: 1.3863e-01 1.3483e-01 9.6111e-01
Best epoch: 54000
No improvement: 9/15
Early-stop ready: False
==========================================================================================

==========================================================================================
Epoch: 59000
Elapsed: 8.54 s
Gradient score: 1.094389e-01
Tangential/vector/balanced: 9.8235e-02 1.4305e-01 4.1994e-01
Drop stability: 4.6373e-02 (0/3)
Drop RMS/peak-to-peak [mmHg]: 4.3570 16.6864
Rel MSE acc/adv/vis: 1.3931e-01 1.3569e-01 9.8482e-01
Best epoch: 54000
No improvement: 10/15
Early-stop ready: False
==========================================================================================

==========================================================================================
Epoch: 59500
Elapsed: 8.55 s
Gradient score: 1.064618e-01
Tangential/vector/balanced: 9.5105e-02 1.4053e-01 4.1397e-01
Drop stability: 5.8082e-02 (0/3)
Drop RMS/peak-to-peak [mmHg]: 4.5438 17.1106
Rel MSE acc/adv/vis: 1.3796e-01 1.3252e-01 9.7144e-01
Best epoch: 54000
No improvement: 11/15
Early-stop ready: False
==========================================================================================

==========================================================================================
Epoch: 60000
Elapsed: 8.51 s
Gradient score: 1.079727e-01
Tangential/vector/balanced: 9.6994e-02 1.4091e-01 4.1473e-01
Drop stability: 4.7142e-02 (0/3)
Drop RMS/peak-to-peak [mmHg]: 4.4611 16.9215
Rel MSE acc/adv/vis: 1.3406e-01 1.3361e-01 9.7651e-01
Best epoch: 54000
No improvement: 12/15
Early-stop ready: False
==========================================================================================

==========================================================================================
Epoch: 60500
Elapsed: 8.66 s
Gradient score: 1.048240e-01
Tangential/vector/balanced: 9.3402e-02 1.3909e-01 4.1286e-01
Drop stability: 3.4145e-02 (0/3)
Drop RMS/peak-to-peak [mmHg]: 4.4050 16.9178
Rel MSE acc/adv/vis: 1.3710e-01 1.3178e-01 9.6970e-01
Best epoch: 54000
No improvement: 13/15
Early-stop ready: False
==========================================================================================

==========================================================================================
Epoch: 61000
Elapsed: 8.71 s
Gradient score: 1.034577e-01
Tangential/vector/balanced: 9.2325e-02 1.3685e-01 4.2067e-01
Drop stability: 2.3085e-02 (0/3)
Drop RMS/peak-to-peak [mmHg]: 4.4474 17.0816
Rel MSE acc/adv/vis: 1.3390e-01 1.3027e-01 9.9784e-01
Best epoch: 61000
No improvement: 0/15
Early-stop ready: False
==========================================================================================

==========================================================================================
Epoch: 61500
Elapsed: 8.52 s
Gradient score: 1.052673e-01
Tangential/vector/balanced: 9.3784e-02 1.3972e-01 4.1510e-01
Drop stability: 5.4752e-02 (0/3)
Drop RMS/peak-to-peak [mmHg]: 4.6111 17.4255
Rel MSE acc/adv/vis: 1.3380e-01 1.2996e-01 9.8155e-01
Best epoch: 61000
No improvement: 1/15
Early-stop ready: False
==========================================================================================

==========================================================================================
Epoch: 62000
Elapsed: 8.55 s
Gradient score: 1.095619e-01
Tangential/vector/balanced: 9.8874e-02 1.4162e-01 4.2056e-01
Drop stability: 8.2817e-02 (0/3)
Drop RMS/peak-to-peak [mmHg]: 4.3529 16.9885
Rel MSE acc/adv/vis: 1.3794e-01 1.3527e-01 9.8846e-01
Best epoch: 61000
No improvement: 2/15
Early-stop ready: False
==========================================================================================

==========================================================================================
Epoch: 62500
Elapsed: 8.59 s
Gradient score: 1.059361e-01
Tangential/vector/balanced: 9.5069e-02 1.3854e-01 4.1142e-01
Drop stability: 7.7072e-02 (0/3)
Drop RMS/peak-to-peak [mmHg]: 4.5553 17.5303
Rel MSE acc/adv/vis: 1.3369e-01 1.3106e-01 9.6950e-01
Best epoch: 61000
No improvement: 3/15
Early-stop ready: False
==========================================================================================

==========================================================================================
Epoch: 63000
Elapsed: 8.71 s
Gradient score: 1.063316e-01
Tangential/vector/balanced: 9.5415e-02 1.3908e-01 4.2173e-01
Drop stability: 5.8242e-02 (0/3)
Drop RMS/peak-to-peak [mmHg]: 4.4564 17.1524
Rel MSE acc/adv/vis: 1.3580e-01 1.3186e-01 9.9754e-01
Best epoch: 61000
No improvement: 4/15
Early-stop ready: False
==========================================================================================

==========================================================================================
Epoch: 63500
Elapsed: 8.54 s
Gradient score: 1.085734e-01
Tangential/vector/balanced: 9.8103e-02 1.3998e-01 4.1422e-01
Drop stability: 3.1649e-02 (0/3)
Drop RMS/peak-to-peak [mmHg]: 4.4942 17.3096
Rel MSE acc/adv/vis: 1.4051e-01 1.3576e-01 9.6639e-01
Best epoch: 61000
No improvement: 5/15
Early-stop ready: False
==========================================================================================

==========================================================================================
Epoch: 64000
Elapsed: 8.50 s
Gradient score: 1.121752e-01
Tangential/vector/balanced: 1.0166e-01 1.4372e-01 4.1650e-01
Drop stability: 4.2427e-02 (0/3)
Drop RMS/peak-to-peak [mmHg]: 4.5656 17.3453
Rel MSE acc/adv/vis: 1.3856e-01 1.3465e-01 9.7629e-01
Best epoch: 61000
No improvement: 6/15
Early-stop ready: False
==========================================================================================

==========================================================================================
Epoch: 64500
Elapsed: 8.64 s
Gradient score: 1.068243e-01
Tangential/vector/balanced: 9.5921e-02 1.3953e-01 4.1456e-01
Drop stability: 7.0836e-02 (0/3)
Drop RMS/peak-to-peak [mmHg]: 4.6491 17.5807
Rel MSE acc/adv/vis: 1.3650e-01 1.3327e-01 9.7392e-01
Best epoch: 61000
No improvement: 7/15
Early-stop ready: False
==========================================================================================

==========================================================================================
Epoch: 65000
Elapsed: 9.06 s
Gradient score: 1.060148e-01
Tangential/vector/balanced: 9.5718e-02 1.3690e-01 4.3506e-01
Drop stability: 7.0769e-02 (0/3)
Drop RMS/peak-to-peak [mmHg]: 4.4521 17.0009
Rel MSE acc/adv/vis: 1.3385e-01 1.2820e-01 1.0431e+00
Best epoch: 61000
No improvement: 8/15
Early-stop ready: False
==========================================================================================

==========================================================================================
Epoch: 65500
Elapsed: 9.12 s
Gradient score: 1.033419e-01
Tangential/vector/balanced: 9.2308e-02 1.3644e-01 4.1417e-01
Drop stability: 4.5062e-02 (0/3)
Drop RMS/peak-to-peak [mmHg]: 4.5223 17.2696
Rel MSE acc/adv/vis: 1.3218e-01 1.2880e-01 9.8152e-01
Best epoch: 61000
No improvement: 9/15
Early-stop ready: False
==========================================================================================

==========================================================================================
Epoch: 66000
Elapsed: 9.11 s
Gradient score: 1.031459e-01
Tangential/vector/balanced: 9.2582e-02 1.3484e-01 4.9224e-01
Drop stability: 1.9579e-02 (0/3)
Drop RMS/peak-to-peak [mmHg]: 4.4973 17.3438
Rel MSE acc/adv/vis: 1.3316e-01 1.2762e-01 1.2159e+00
Best epoch: 66000
No improvement: 0/15
Early-stop ready: False
==========================================================================================

==========================================================================================
Epoch: 66500
Elapsed: 8.46 s
Gradient score: 1.032560e-01
Tangential/vector/balanced: 9.2372e-02 1.3591e-01 4.2329e-01
Drop stability: 4.3203e-02 (0/3)
Drop RMS/peak-to-peak [mmHg]: 4.5041 16.9643
Rel MSE acc/adv/vis: 1.3577e-01 1.2886e-01 1.0052e+00
Best epoch: 66000
No improvement: 1/15
Early-stop ready: False
==========================================================================================

==========================================================================================
Epoch: 67000
Elapsed: 9.15 s
Gradient score: 1.031553e-01
Tangential/vector/balanced: 9.2723e-02 1.3445e-01 4.1821e-01
Drop stability: 6.0615e-02 (0/3)
Drop RMS/peak-to-peak [mmHg]: 4.4494 17.4331
Rel MSE acc/adv/vis: 1.3432e-01 1.2858e-01 9.9173e-01
Best epoch: 66000
No improvement: 2/15
Early-stop ready: False
==========================================================================================

==========================================================================================
Epoch: 67500
Elapsed: 9.19 s
Gradient score: 1.063300e-01
Tangential/vector/balanced: 9.5766e-02 1.3802e-01 4.1484e-01
Drop stability: 5.7615e-02 (0/3)
Drop RMS/peak-to-peak [mmHg]: 4.5216 17.0603
Rel MSE acc/adv/vis: 1.3469e-01 1.2943e-01 9.8040e-01
Best epoch: 66000
No improvement: 3/15
Early-stop ready: False
==========================================================================================

==========================================================================================
Epoch: 68000
Elapsed: 8.94 s
Gradient score: 1.036904e-01
Tangential/vector/balanced: 9.2798e-02 1.3637e-01 4.1399e-01
Drop stability: 4.5213e-02 (0/3)
Drop RMS/peak-to-peak [mmHg]: 4.4351 17.0090
Rel MSE acc/adv/vis: 1.3327e-01 1.2756e-01 9.8115e-01
Best epoch: 66000
No improvement: 4/15
Early-stop ready: False
==========================================================================================

==========================================================================================
Epoch: 68500
Elapsed: 9.18 s
Gradient score: 1.037876e-01
Tangential/vector/balanced: 9.3413e-02 1.3491e-01 4.1144e-01
Drop stability: 2.5601e-02 (0/3)
Drop RMS/peak-to-peak [mmHg]: 4.4111 16.9627
Rel MSE acc/adv/vis: 1.3294e-01 1.2897e-01 9.7241e-01
Best epoch: 66000
No improvement: 5/15
Early-stop ready: False
==========================================================================================

==========================================================================================
Epoch: 69000
Elapsed: 8.40 s
Gradient score: 1.058513e-01
Tangential/vector/balanced: 9.6038e-02 1.3529e-01 4.2091e-01
Drop stability: 5.3313e-02 (0/3)
Drop RMS/peak-to-peak [mmHg]: 4.4815 17.0212
Rel MSE acc/adv/vis: 1.3380e-01 1.2981e-01 9.9913e-01
Best epoch: 66000
No improvement: 6/15
Early-stop ready: False
==========================================================================================

==========================================================================================
Epoch: 69500
Elapsed: 8.44 s
Gradient score: 1.074486e-01
Tangential/vector/balanced: 9.7988e-02 1.3583e-01 4.1518e-01
Drop stability: 7.7314e-02 (0/3)
Drop RMS/peak-to-peak [mmHg]: 4.4127 17.0758
Rel MSE acc/adv/vis: 1.3441e-01 1.2665e-01 9.8448e-01
Best epoch: 66000
No improvement: 7/15
Early-stop ready: False
==========================================================================================

==========================================================================================
Epoch: 70000
Elapsed: 8.77 s
Gradient score: 1.052038e-01
Tangential/vector/balanced: 9.5292e-02 1.3494e-01 4.1620e-01
Drop stability: 8.2938e-02 (0/3)
Drop RMS/peak-to-peak [mmHg]: 4.5101 17.4534
Rel MSE acc/adv/vis: 1.3555e-01 1.2836e-01 9.8468e-01
Best epoch: 66000
No improvement: 8/15
Early-stop ready: False
==========================================================================================

==========================================================================================
Epoch: 70500
Elapsed: 9.30 s
Gradient score: 1.034014e-01
Tangential/vector/balanced: 9.2916e-02 1.3486e-01 4.2159e-01
Drop stability: 5.7866e-02 (0/3)
Drop RMS/peak-to-peak [mmHg]: 4.5597 17.2524
Rel MSE acc/adv/vis: 1.3493e-01 1.2977e-01 1.0001e+00
Best epoch: 66000
No improvement: 9/15
Early-stop ready: False
==========================================================================================

==========================================================================================
Epoch: 71000
Elapsed: 8.47 s
Gradient score: 1.063309e-01
Tangential/vector/balanced: 9.6865e-02 1.3473e-01 4.1236e-01
Drop stability: 9.4026e-02 (0/3)
Drop RMS/peak-to-peak [mmHg]: 4.3723 17.2288
Rel MSE acc/adv/vis: 1.3482e-01 1.2677e-01 9.7551e-01
Best epoch: 66000
No improvement: 10/15
Early-stop ready: False
==========================================================================================

==========================================================================================
Epoch: 71500
Elapsed: 8.74 s
Gradient score: 1.012987e-01
Tangential/vector/balanced: 9.1065e-02 1.3200e-01 4.0672e-01
Drop stability: 1.0727e-01 (0/3)
Drop RMS/peak-to-peak [mmHg]: 4.5543 17.3131
Rel MSE acc/adv/vis: 1.2926e-01 1.2500e-01 9.6590e-01
Best epoch: 71500
No improvement: 0/15
Early-stop ready: False
==========================================================================================

==========================================================================================
Epoch: 72000
Elapsed: 8.47 s
Gradient score: 1.024067e-01
Tangential/vector/balanced: 9.2160e-02 1.3315e-01 4.1949e-01
Drop stability: 4.5174e-02 (0/3)
Drop RMS/peak-to-peak [mmHg]: 4.5905 17.2548
Rel MSE acc/adv/vis: 1.3541e-01 1.2575e-01 9.9732e-01
Best epoch: 71500
No improvement: 1/15
Early-stop ready: False
==========================================================================================

==========================================================================================
Epoch: 72500
Elapsed: 8.48 s
Gradient score: 1.068035e-01
Tangential/vector/balanced: 9.7527e-02 1.3463e-01 4.1194e-01
Drop stability: 3.7936e-02 (0/3)
Drop RMS/peak-to-peak [mmHg]: 4.4789 16.9531
Rel MSE acc/adv/vis: 1.3340e-01 1.2831e-01 9.7411e-01
Best epoch: 71500
No improvement: 2/15
Early-stop ready: False
==========================================================================================

==========================================================================================
Epoch: 73000
Elapsed: 8.67 s
Gradient score: 1.036623e-01
Tangential/vector/balanced: 9.3502e-02 1.3414e-01 4.1130e-01
Drop stability: 6.4025e-02 (0/3)
Drop RMS/peak-to-peak [mmHg]: 4.4497 17.2104
Rel MSE acc/adv/vis: 1.3659e-01 1.3108e-01 9.6622e-01
Best epoch: 71500
No improvement: 3/15
Early-stop ready: False
==========================================================================================

==========================================================================================
Epoch: 73500
Elapsed: 8.48 s
Gradient score: 1.069218e-01
Tangential/vector/balanced: 9.7332e-02 1.3569e-01 4.1858e-01
Drop stability: 5.6500e-02 (0/3)
Drop RMS/peak-to-peak [mmHg]: 4.3548 16.8064
Rel MSE acc/adv/vis: 1.3498e-01 1.2909e-01 9.9168e-01
Best epoch: 71500
No improvement: 4/15
Early-stop ready: False
==========================================================================================

==========================================================================================
Epoch: 74000
Elapsed: 8.49 s
Gradient score: 1.034221e-01
Tangential/vector/balanced: 9.3817e-02 1.3224e-01 4.0952e-01
Drop stability: 5.1444e-02 (0/3)
Drop RMS/peak-to-peak [mmHg]: 4.4712 17.1927
Rel MSE acc/adv/vis: 1.3173e-01 1.2524e-01 9.7157e-01
Best epoch: 71500
No improvement: 5/15
Early-stop ready: False
==========================================================================================

==========================================================================================
Epoch: 74500
Elapsed: 8.48 s
Gradient score: 1.038612e-01
Tangential/vector/balanced: 9.4031e-02 1.3335e-01 4.1506e-01
Drop stability: 4.2922e-02 (0/3)
Drop RMS/peak-to-peak [mmHg]: 4.4312 16.9007
Rel MSE acc/adv/vis: 1.3132e-01 1.2629e-01 9.8756e-01
Best epoch: 71500
No improvement: 6/15
Early-stop ready: False
==========================================================================================

==========================================================================================
Epoch: 75000
Elapsed: 8.49 s
Gradient score: 1.041916e-01
Tangential/vector/balanced: 9.4475e-02 1.3334e-01 4.1427e-01
Drop stability: 4.6000e-02 (0/3)
Drop RMS/peak-to-peak [mmHg]: 4.4746 17.2972
Rel MSE acc/adv/vis: 1.3531e-01 1.2615e-01 9.8134e-01
Best epoch: 71500
No improvement: 7/15
Early-stop ready: False
==========================================================================================

==========================================================================================
Epoch: 75500
Elapsed: 8.71 s
Gradient score: 1.030218e-01
Tangential/vector/balanced: 9.3489e-02 1.3162e-01 4.1359e-01
Drop stability: 3.4717e-02 (0/3)
Drop RMS/peak-to-peak [mmHg]: 4.4896 17.0145
Rel MSE acc/adv/vis: 1.2881e-01 1.2465e-01 9.8732e-01
Best epoch: 71500
No improvement: 8/15
Early-stop ready: False
==========================================================================================

==========================================================================================
Epoch: 76000
Elapsed: 8.68 s
Gradient score: 1.006384e-01
Tangential/vector/balanced: 9.0913e-02 1.2981e-01 4.2135e-01
Drop stability: 3.0693e-02 (0/3)
Drop RMS/peak-to-peak [mmHg]: 4.4852 17.2304
Rel MSE acc/adv/vis: 1.3142e-01 1.2334e-01 1.0093e+00
Best epoch: 76000
No improvement: 0/15
Early-stop ready: False
==========================================================================================

==========================================================================================
Epoch: 76500
Elapsed: 8.40 s
Gradient score: 1.051472e-01
Tangential/vector/balanced: 9.5903e-02 1.3288e-01 4.1173e-01
Drop stability: 5.3409e-02 (0/3)
Drop RMS/peak-to-peak [mmHg]: 4.6088 17.5764
Rel MSE acc/adv/vis: 1.3033e-01 1.2675e-01 9.7812e-01
Best epoch: 76000
No improvement: 1/15
Early-stop ready: False
==========================================================================================

==========================================================================================
Epoch: 77000
Elapsed: 8.45 s
Gradient score: 1.017088e-01
Tangential/vector/balanced: 9.2045e-02 1.3070e-01 4.1755e-01
Drop stability: 6.2495e-02 (0/3)
Drop RMS/peak-to-peak [mmHg]: 4.5342 17.2540
Rel MSE acc/adv/vis: 1.3225e-01 1.2409e-01 9.9629e-01
Best epoch: 76000
No improvement: 2/15
Early-stop ready: False
==========================================================================================

==========================================================================================
Epoch: 77500
Elapsed: 8.41 s
Gradient score: 1.032314e-01
Tangential/vector/balanced: 9.3614e-02 1.3208e-01 4.1232e-01
Drop stability: 5.7208e-02 (0/3)
Drop RMS/peak-to-peak [mmHg]: 4.4910 17.4299
Rel MSE acc/adv/vis: 1.3418e-01 1.2540e-01 9.7739e-01
Best epoch: 76000
No improvement: 3/15
Early-stop ready: False
==========================================================================================

==========================================================================================
Epoch: 78000
Elapsed: 8.69 s
Gradient score: 1.033570e-01
Tangential/vector/balanced: 9.4243e-02 1.3070e-01 4.1069e-01
Drop stability: 4.4155e-02 (0/3)
Drop RMS/peak-to-peak [mmHg]: 4.4869 17.3954
Rel MSE acc/adv/vis: 1.2819e-01 1.2446e-01 9.7943e-01
Best epoch: 76000
No improvement: 4/15
Early-stop ready: False
==========================================================================================

==========================================================================================
Epoch: 78500
Elapsed: 8.47 s
Gradient score: 1.009430e-01
Tangential/vector/balanced: 9.1582e-02 1.2903e-01 4.1195e-01
Drop stability: 3.7477e-02 (0/3)
Drop RMS/peak-to-peak [mmHg]: 4.4805 17.2997
Rel MSE acc/adv/vis: 1.3022e-01 1.2323e-01 9.8241e-01
Best epoch: 76000
No improvement: 5/15
Early-stop ready: False
==========================================================================================

==========================================================================================
Epoch: 79000
Elapsed: 8.39 s
Gradient score: 1.024208e-01
Tangential/vector/balanced: 9.2965e-02 1.3079e-01 4.0846e-01
Drop stability: 3.3899e-02 (0/3)
Drop RMS/peak-to-peak [mmHg]: 4.4389 17.0911
Rel MSE acc/adv/vis: 1.3351e-01 1.2594e-01 9.6595e-01
Best epoch: 76000
No improvement: 6/15
Early-stop ready: False
==========================================================================================

==========================================================================================
Epoch: 79500
Elapsed: 8.46 s
Gradient score: 1.031467e-01
Tangential/vector/balanced: 9.3674e-02 1.3157e-01 4.1334e-01
Drop stability: 4.8779e-02 (0/3)
Drop RMS/peak-to-peak [mmHg]: 4.5121 17.1504
Rel MSE acc/adv/vis: 1.2886e-01 1.2311e-01 9.8804e-01
Best epoch: 76000
No improvement: 7/15
Early-stop ready: False
==========================================================================================

==========================================================================================
Epoch: 80000
Elapsed: 8.48 s
Gradient score: 1.051144e-01
Tangential/vector/balanced: 9.6034e-02 1.3235e-01 4.0935e-01
Drop stability: 4.2027e-02 (0/3)
Drop RMS/peak-to-peak [mmHg]: 4.4374 17.2241
Rel MSE acc/adv/vis: 1.3290e-01 1.2635e-01 9.6880e-01
Best epoch: 76000
No improvement: 8/15
Early-stop ready: False
==========================================================================================

==========================================================================================
Epoch: 80500
Elapsed: 8.66 s
Gradient score: 1.022856e-01
Tangential/vector/balanced: 9.3293e-02 1.2926e-01 4.3706e-01
Drop stability: 4.1788e-02 (0/3)
Drop RMS/peak-to-peak [mmHg]: 4.4243 17.0071
Rel MSE acc/adv/vis: 1.3173e-01 1.2396e-01 1.0555e+00
Best epoch: 76000
No improvement: 9/15
Early-stop ready: False
==========================================================================================

==========================================================================================
Epoch: 81000
Elapsed: 8.40 s
Gradient score: 1.051380e-01
Tangential/vector/balanced: 9.6350e-02 1.3150e-01 4.1516e-01
Drop stability: 3.8032e-02 (0/3)
Drop RMS/peak-to-peak [mmHg]: 4.4307 17.0332
Rel MSE acc/adv/vis: 1.3513e-01 1.2638e-01 9.8396e-01
Best epoch: 76000
No improvement: 10/15
Early-stop ready: False
==========================================================================================

==========================================================================================
Epoch: 81500
Elapsed: 8.43 s
Gradient score: 1.042788e-01
Tangential/vector/balanced: 9.5217e-02 1.3147e-01 4.1492e-01
Drop stability: 6.3619e-02 (0/3)
Drop RMS/peak-to-peak [mmHg]: 4.5853 17.3425
Rel MSE acc/adv/vis: 1.3023e-01 1.2631e-01 9.8822e-01
Best epoch: 76000
No improvement: 11/15
Early-stop ready: False
==========================================================================================

==========================================================================================
Epoch: 82000
Elapsed: 8.46 s
Gradient score: 1.050121e-01
Tangential/vector/balanced: 9.6371e-02 1.3093e-01 4.1099e-01
Drop stability: 4.8912e-02 (0/3)
Drop RMS/peak-to-peak [mmHg]: 4.4903 17.1669
Rel MSE acc/adv/vis: 1.3415e-01 1.2589e-01 9.7293e-01
Best epoch: 76000
No improvement: 12/15
Early-stop ready: False
==========================================================================================

==========================================================================================
Epoch: 82500
Elapsed: 8.45 s
Gradient score: 1.029749e-01
Tangential/vector/balanced: 9.3913e-02 1.3016e-01 4.2689e-01
Drop stability: 2.1768e-02 (0/3)
Drop RMS/peak-to-peak [mmHg]: 4.4763 17.1183
Rel MSE acc/adv/vis: 1.2942e-01 1.2218e-01 1.0291e+00
Best epoch: 76000
No improvement: 13/15
Early-stop ready: False
==========================================================================================

==========================================================================================
Epoch: 83000
Elapsed: 8.94 s
Gradient score: 9.907203e-02
Tangential/vector/balanced: 8.9970e-02 1.2638e-01 4.0858e-01
Drop stability: 5.6919e-02 (0/3)
Drop RMS/peak-to-peak [mmHg]: 4.2746 16.5196
Rel MSE acc/adv/vis: 1.3159e-01 1.2053e-01 9.7363e-01
Best epoch: 83000
No improvement: 0/15
Early-stop ready: False
==========================================================================================

==========================================================================================
Epoch: 83500
Elapsed: 8.71 s
Gradient score: 9.867340e-02
Tangential/vector/balanced: 8.9495e-02 1.2621e-01 4.1899e-01
Drop stability: 5.8724e-02 (0/3)
Drop RMS/peak-to-peak [mmHg]: 4.4727 17.1474
Rel MSE acc/adv/vis: 1.2743e-01 1.1980e-01 1.0097e+00
Best epoch: 83500
No improvement: 0/15
Early-stop ready: False
==========================================================================================

==========================================================================================
Epoch: 84000
Elapsed: 8.36 s
Gradient score: 1.022988e-01
Tangential/vector/balanced: 9.3505e-02 1.2868e-01 4.1154e-01
Drop stability: 6.2188e-02 (0/3)
Drop RMS/peak-to-peak [mmHg]: 4.6099 17.6305
Rel MSE acc/adv/vis: 1.2615e-01 1.2106e-01 9.8740e-01
Best epoch: 83500
No improvement: 1/15
Early-stop ready: False
==========================================================================================

==========================================================================================
Epoch: 84500
Elapsed: 8.39 s
Gradient score: 1.008767e-01
Tangential/vector/balanced: 9.1929e-02 1.2772e-01 4.1097e-01
Drop stability: 7.7114e-02 (0/3)
Drop RMS/peak-to-peak [mmHg]: 4.5009 17.1730
Rel MSE acc/adv/vis: 1.2872e-01 1.2264e-01 9.8156e-01
Best epoch: 83500
No improvement: 2/15
Early-stop ready: False
==========================================================================================

==========================================================================================
Epoch: 85000
Elapsed: 8.63 s
Gradient score: 1.026888e-01
Tangential/vector/balanced: 9.4086e-02 1.2850e-01 4.1492e-01
Drop stability: 5.5489e-02 (0/3)
Drop RMS/peak-to-peak [mmHg]: 4.6179 17.4134
Rel MSE acc/adv/vis: 1.2844e-01 1.2027e-01 9.9605e-01
Best epoch: 83500
No improvement: 3/15
Early-stop ready: False
==========================================================================================

==========================================================================================
Epoch: 85500
Elapsed: 8.69 s
Gradient score: 1.016118e-01
Tangential/vector/balanced: 9.2843e-02 1.2792e-01 4.3868e-01
Drop stability: 6.8545e-02 (0/3)
Drop RMS/peak-to-peak [mmHg]: 4.4907 17.2898
Rel MSE acc/adv/vis: 1.2830e-01 1.2209e-01 1.0657e+00
Best epoch: 83500
No improvement: 4/15
Early-stop ready: False
==========================================================================================

==========================================================================================
Epoch: 86000
Elapsed: 8.78 s
Gradient score: 1.008604e-01
Tangential/vector/balanced: 9.2271e-02 1.2663e-01 4.1523e-01
Drop stability: 4.2415e-02 (0/3)
Drop RMS/peak-to-peak [mmHg]: 4.4925 17.3219
Rel MSE acc/adv/vis: 1.2778e-01 1.2125e-01 9.9665e-01
Best epoch: 83500
No improvement: 5/15
Early-stop ready: False
==========================================================================================

==========================================================================================
Epoch: 86500
Elapsed: 8.50 s
Gradient score: 1.083224e-01
Tangential/vector/balanced: 9.9753e-02 1.3403e-01 4.0816e-01
Drop stability: 4.2615e-02 (0/3)
Drop RMS/peak-to-peak [mmHg]: 4.4538 17.2276
Rel MSE acc/adv/vis: 1.2975e-01 1.2841e-01 9.6631e-01
Best epoch: 83500
No improvement: 6/15
Early-stop ready: False
==========================================================================================

==========================================================================================
Epoch: 87000
Elapsed: 8.51 s
Gradient score: 1.030169e-01
Tangential/vector/balanced: 9.4715e-02 1.2792e-01 4.1360e-01
Drop stability: 3.8165e-02 (0/3)
Drop RMS/peak-to-peak [mmHg]: 4.4382 16.8327
Rel MSE acc/adv/vis: 1.3035e-01 1.2215e-01 9.8831e-01
Best epoch: 83500
No improvement: 7/15
Early-stop ready: False
==========================================================================================

==========================================================================================
Epoch: 87500
Elapsed: 8.50 s
Gradient score: 1.052199e-01
Tangential/vector/balanced: 9.7060e-02 1.2970e-01 4.1306e-01
Drop stability: 4.5379e-02 (0/3)
Drop RMS/peak-to-peak [mmHg]: 4.3309 16.7845
Rel MSE acc/adv/vis: 1.2714e-01 1.2430e-01 9.8775e-01
Best epoch: 83500
No improvement: 8/15
Early-stop ready: False
==========================================================================================

==========================================================================================
Epoch: 88000
Elapsed: 8.71 s
Gradient score: 1.010482e-01
Tangential/vector/balanced: 9.2233e-02 1.2749e-01 4.2785e-01
Drop stability: 7.6045e-02 (0/3)
Drop RMS/peak-to-peak [mmHg]: 4.4715 16.9145
Rel MSE acc/adv/vis: 1.3256e-01 1.2149e-01 1.0295e+00
Best epoch: 83500
No improvement: 9/15
Early-stop ready: False
==========================================================================================

==========================================================================================
Epoch: 88500
Elapsed: 8.49 s
Gradient score: 1.021513e-01
Tangential/vector/balanced: 9.3595e-02 1.2782e-01 4.1827e-01
Drop stability: 5.5094e-02 (0/3)
Drop RMS/peak-to-peak [mmHg]: 4.4811 17.4132
Rel MSE acc/adv/vis: 1.2783e-01 1.2332e-01 1.0037e+00
Best epoch: 83500
No improvement: 10/15
Early-stop ready: False
==========================================================================================

==========================================================================================
Epoch: 89000
Elapsed: 8.47 s
Gradient score: 1.032806e-01
Tangential/vector/balanced: 9.4641e-02 1.2920e-01 4.2546e-01
Drop stability: 6.0972e-02 (0/3)
Drop RMS/peak-to-peak [mmHg]: 4.4386 16.6415
Rel MSE acc/adv/vis: 1.3102e-01 1.2537e-01 1.0200e+00
Best epoch: 83500
No improvement: 11/15
Early-stop ready: False
==========================================================================================

==========================================================================================
Epoch: 89500
Elapsed: 8.44 s
Gradient score: 1.034405e-01
Tangential/vector/balanced: 9.5510e-02 1.2723e-01 4.3125e-01
Drop stability: 3.3431e-02 (0/3)
Drop RMS/peak-to-peak [mmHg]: 4.3987 16.9364
Rel MSE acc/adv/vis: 1.2419e-01 1.2148e-01 1.0481e+00
Best epoch: 83500
No improvement: 12/15
Early-stop ready: False
==========================================================================================

==========================================================================================
Epoch: 90000
Elapsed: 8.40 s
Gradient score: 1.000602e-01
Tangential/vector/balanced: 9.1303e-02 1.2633e-01 4.2440e-01
Drop stability: 6.1064e-02 (0/3)
Drop RMS/peak-to-peak [mmHg]: 4.4802 16.8269
Rel MSE acc/adv/vis: 1.3774e-01 1.2165e-01 1.0138e+00
Best epoch: 83500
No improvement: 13/15
Early-stop ready: False
==========================================================================================

==========================================================================================
Epoch: 90500
Elapsed: 8.69 s
Gradient score: 1.048686e-01
Tangential/vector/balanced: 9.6645e-02 1.2954e-01 4.1335e-01
Drop stability: 5.8424e-02 (0/3)
Drop RMS/peak-to-peak [mmHg]: 4.4275 16.5472
Rel MSE acc/adv/vis: 1.2980e-01 1.2278e-01 9.8748e-01
Best epoch: 83500
No improvement: 14/15
Early-stop ready: False
==========================================================================================

==========================================================================================
Epoch: 91000
Elapsed: 8.41 s
Gradient score: 1.002970e-01
Tangential/vector/balanced: 9.1919e-02 1.2543e-01 4.1451e-01
Drop stability: 5.8920e-02 (0/3)
Drop RMS/peak-to-peak [mmHg]: 4.6046 17.5588
Rel MSE acc/adv/vis: 1.2507e-01 1.1832e-01 1.0001e+00
Best epoch: 83500
No improvement: 15/15
Early-stop ready: False
==========================================================================================

==========================================================================================
Epoch: 91500
Elapsed: 8.46 s
Gradient score: 1.037049e-01
Tangential/vector/balanced: 9.6015e-02 1.2677e-01 4.1055e-01
Drop stability: 6.5563e-02 (0/3)
Drop RMS/peak-to-peak [mmHg]: 4.3478 16.4646
Rel MSE acc/adv/vis: 1.2685e-01 1.2127e-01 9.8354e-01
Best epoch: 83500
No improvement: 16/15
Early-stop ready: False
==========================================================================================

==========================================================================================
Epoch: 92000
Elapsed: 8.41 s
Gradient score: 1.011525e-01
Tangential/vector/balanced: 9.2930e-02 1.2582e-01 4.0572e-01
Drop stability: 4.8792e-02 (0/3)
Drop RMS/peak-to-peak [mmHg]: 4.4327 17.1737
Rel MSE acc/adv/vis: 1.2597e-01 1.1895e-01 9.7226e-01
Best epoch: 83500
No improvement: 17/15
Early-stop ready: False
==========================================================================================

==========================================================================================
Epoch: 92500
Elapsed: 8.48 s
Gradient score: 1.029945e-01
Tangential/vector/balanced: 9.4862e-02 1.2739e-01 4.1654e-01
Drop stability: 6.3944e-02 (0/3)
Drop RMS/peak-to-peak [mmHg]: 4.6194 17.3287
Rel MSE acc/adv/vis: 1.2740e-01 1.2094e-01 1.0013e+00
Best epoch: 83500
No improvement: 18/15
Early-stop ready: False
==========================================================================================

==========================================================================================
Epoch: 93000
Elapsed: 8.74 s
Gradient score: 1.046395e-01
Tangential/vector/balanced: 9.6635e-02 1.2865e-01 4.2099e-01
Drop stability: 8.0800e-02 (0/3)
Drop RMS/peak-to-peak [mmHg]: 4.3557 16.5639
Rel MSE acc/adv/vis: 1.2719e-01 1.2116e-01 1.0146e+00
Best epoch: 83500
No improvement: 19/15
Early-stop ready: False
==========================================================================================

==========================================================================================
Epoch: 93500
Elapsed: 8.52 s
Gradient score: 9.930038e-02
Tangential/vector/balanced: 9.0824e-02 1.2473e-01 4.1668e-01
Drop stability: 4.6815e-02 (0/3)
Drop RMS/peak-to-peak [mmHg]: 4.5022 17.1695
Rel MSE acc/adv/vis: 1.2518e-01 1.1869e-01 1.0062e+00
Best epoch: 83500
No improvement: 20/15
Early-stop ready: False
==========================================================================================

==========================================================================================
Epoch: 94000
Elapsed: 8.53 s
Gradient score: 1.068575e-01
Tangential/vector/balanced: 9.8247e-02 1.3269e-01 4.2684e-01
Drop stability: 4.2671e-02 (0/3)
Drop RMS/peak-to-peak [mmHg]: 4.4839 17.3818
Rel MSE acc/adv/vis: 1.3540e-01 1.3122e-01 1.0139e+00
Best epoch: 83500
No improvement: 21/15
Early-stop ready: False
==========================================================================================

==========================================================================================
Epoch: 94500
Elapsed: 8.53 s
Gradient score: 1.005000e-01
Tangential/vector/balanced: 9.2338e-02 1.2498e-01 4.1410e-01
Drop stability: 3.7761e-02 (0/3)
Drop RMS/peak-to-peak [mmHg]: 4.4312 16.9453
Rel MSE acc/adv/vis: 1.2673e-01 1.1896e-01 9.9660e-01
Best epoch: 83500
No improvement: 22/15
Early-stop ready: False
==========================================================================================

==========================================================================================
Epoch: 95000
Elapsed: 8.52 s
Gradient score: 1.029107e-01
Tangential/vector/balanced: 9.4357e-02 1.2857e-01 4.2533e-01
Drop stability: 7.2327e-02 (0/3)
Drop RMS/peak-to-peak [mmHg]: 4.6450 17.7522
Rel MSE acc/adv/vis: 1.2865e-01 1.2318e-01 1.0241e+00
Best epoch: 83500
No improvement: 23/15
Early-stop ready: False
==========================================================================================

==========================================================================================
Epoch: 95500
Elapsed: 8.82 s
Gradient score: 9.868826e-02
Tangential/vector/balanced: 9.0517e-02 1.2320e-01 4.2283e-01
Drop stability: 3.5794e-02 (0/3)
Drop RMS/peak-to-peak [mmHg]: 4.6908 17.6251
Rel MSE acc/adv/vis: 1.2434e-01 1.1740e-01 1.0267e+00
Best epoch: 83500
No improvement: 24/15
Early-stop ready: False
==========================================================================================

==========================================================================================
Epoch: 96000
Elapsed: 8.53 s
Gradient score: 1.079343e-01
Tangential/vector/balanced: 9.9683e-02 1.3269e-01 4.2177e-01
Drop stability: 6.6906e-02 (0/3)
Drop RMS/peak-to-peak [mmHg]: 4.4633 16.6713
Rel MSE acc/adv/vis: 1.3890e-01 1.2602e-01 1.0004e+00
Best epoch: 83500
No improvement: 25/15
Early-stop ready: False
==========================================================================================

==========================================================================================
Epoch: 96500
Elapsed: 8.52 s
Gradient score: 1.037372e-01
Tangential/vector/balanced: 9.5727e-02 1.2777e-01 4.0590e-01
Drop stability: 7.7611e-02 (0/3)
Drop RMS/peak-to-peak [mmHg]: 4.5268 17.4289
Rel MSE acc/adv/vis: 1.2549e-01 1.2056e-01 9.7167e-01
Best epoch: 83500
No improvement: 26/15
Early-stop ready: False
==========================================================================================

==========================================================================================
Epoch: 97000
Elapsed: 9.13 s
Gradient score: 1.014796e-01
Tangential/vector/balanced: 9.3767e-02 1.2462e-01 4.0669e-01
Drop stability: 3.2627e-02 (0/3)
Drop RMS/peak-to-peak [mmHg]: 4.4899 17.3945
Rel MSE acc/adv/vis: 1.2792e-01 1.1968e-01 9.7247e-01
Best epoch: 83500
No improvement: 27/15
Early-stop ready: False
==========================================================================================

==========================================================================================
Epoch: 97500
Elapsed: 8.54 s
Gradient score: 1.051434e-01
Tangential/vector/balanced: 9.7723e-02 1.2740e-01 4.2220e-01
Drop stability: 7.0145e-02 (0/3)
Drop RMS/peak-to-peak [mmHg]: 4.5890 16.8952
Rel MSE acc/adv/vis: 1.2734e-01 1.2256e-01 1.0167e+00
Best epoch: 83500
No improvement: 28/15
Early-stop ready: False
==========================================================================================

==========================================================================================
Epoch: 98000
Elapsed: 8.79 s
Gradient score: 1.023817e-01
Tangential/vector/balanced: 9.4723e-02 1.2536e-01 4.0696e-01
Drop stability: 7.2900e-02 (0/3)
Drop RMS/peak-to-peak [mmHg]: 4.5602 17.3792
Rel MSE acc/adv/vis: 1.2568e-01 1.1833e-01 9.7686e-01
Best epoch: 83500
No improvement: 29/15
Early-stop ready: False
==========================================================================================

==========================================================================================
Epoch: 98500
Elapsed: 8.53 s
Gradient score: 1.000535e-01
Tangential/vector/balanced: 9.2172e-02 1.2370e-01 4.1180e-01
Drop stability: 6.6819e-02 (0/3)
Drop RMS/peak-to-peak [mmHg]: 4.3624 16.5684
Rel MSE acc/adv/vis: 1.2926e-01 1.1882e-01 9.8730e-01
Best epoch: 83500
No improvement: 30/15
Early-stop ready: False
==========================================================================================

==========================================================================================
Epoch: 99000
Elapsed: 8.42 s
Gradient score: 1.022301e-01
Tangential/vector/balanced: 9.3910e-02 1.2719e-01 4.0646e-01
Drop stability: 5.9941e-02 (0/3)
Drop RMS/peak-to-peak [mmHg]: 4.4281 16.8359
Rel MSE acc/adv/vis: 1.2472e-01 1.2027e-01 9.7440e-01
Best epoch: 83500
No improvement: 31/15
Early-stop ready: False
==========================================================================================

==========================================================================================
Epoch: 99500
Elapsed: 8.44 s
Gradient score: 1.027382e-01
Tangential/vector/balanced: 9.5157e-02 1.2548e-01 4.0951e-01
Drop stability: 4.5280e-02 (0/3)
Drop RMS/peak-to-peak [mmHg]: 4.4689 17.2680
Rel MSE acc/adv/vis: 1.2495e-01 1.2038e-01 9.8319e-01
Best epoch: 83500
No improvement: 32/15
Early-stop ready: False
==========================================================================================

==========================================================================================
Epoch: 100000
Elapsed: 8.55 s
Gradient score: 1.006412e-01
Tangential/vector/balanced: 9.2655e-02 1.2460e-01 4.1390e-01
Drop stability: 3.5128e-02 (0/3)
Drop RMS/peak-to-peak [mmHg]: 4.4767 17.1458
Rel MSE acc/adv/vis: 1.2399e-01 1.1797e-01 9.9975e-01
Best epoch: 83500
No improvement: 33/15
Early-stop ready: False
==========================================================================================
Pressure training finished.
Best epoch: 83500
Best metric: 0.09867339581197573
Best checkpoint: /proj/multipress/users/x_sebja/code_repository/outputs/cfd_9mm/pressure/seed_001_20261006_103531/checkpoints/best_pressure.pth
==============================
End: Tue Oct  6 11:04:09 CEST 2026
==============================
